Location,Date,Ticket ID,Appointment ID,Services,Services Discount,Products,Products Discount,Gift Cards,Gift Card Discounts,Packages,Package Discounts,Memberships,Membership Discounts,Envir. Fees,Canc. Fees,Gross Revenue,Prepaids,Discounts,Refunds,Net Revenue
Wellington 13860 Wellington Trace,10/10/2026,8QYKXSKL,OFZUA0DASQ,114.00,-15.00,"","","","","","","","","","",114.00,-54.00,-15.00,"",45.00
Boynton Beach 1100 N Congress Ave,10/10/2026,O4QWECKG,C77BD5IBKU,106.00,-13.00,"","","","","","","","","","",106.00,-54.00,-13.00,"",39.00
Lake Worth 8777 Hypoluxo Road,10/10/2026,QTGBDH2P,1CF55U1GH1,93.00,-9.75,"","","","","","","","","","",93.00,-54.00,-9.75,"",29.25
Wellington 13860 Wellington Trace,10/10/2026,F82KVLQH,FDS06AWIB0,126.00,"","","","","","","","","","","",126.00,"","","",126.00
Lake Worth 8777 Hypoluxo Road,10/10/2026,URCNF6Q7,2G19ZPY8NF,110.00,-14.00,"","","","","","","","","","",110.00,-54.00,-14.00,"",42.00
Boynton Beach 1100 N Congress Ave,10/10/2026,ZDI0VOA4,UOXUDCEBJI,54.00,"","","","","","","",69.00,"","","",123.00,-54.00,"","",69.00
Wellington 13860 Wellington Trace,10/10/2026,4ZBIYMKZ,CYYEVFE6XC,141.00,-44.25,"","","","","","","","","","",141.00,-54.00,-44.25,"",42.75
Lake Worth 8777 Hypoluxo Road,10/10/2026,L3VWCT5S,79PZPJYQ1C,158.00,-48.50,"","","","","","","","","","",158.00,-54.00,-48.50,"",55.50
Boynton Beach 1100 N Congress Ave,10/10/2026,TZP87P64,6KYU7JF8J6,74.00,-5.00,"","","","","","","","","","",74.00,-54.00,-5.00,"",15.00
Wellington 13860 Wellington Trace,10/10/2026,9PWO0ZC9,SSLQP3UM59,154.00,-25.00,"","","","","","","","","","",154.00,-54.00,-25.00,"",75.00
Wellington 13860 Wellington Trace,10/10/2026,3CKUCMYR,6V5W4AJKVI,138.00,-21.00,"","","","","","","","","","",138.00,-54.00,-21.00,"",63.00
West Palm Beach 771 Village Blvd,10/10/2026,REKUKAQC,72ZTOCQC69,96.00,-10.50,"","","","","","","","","","",96.00,-54.00,-10.50,"",31.50
Boynton Beach 1100 N Congress Ave,10/10/2026,51RZUXXU,BAQV8ET6A9,59.00,"","","","","","","","","","","",59.00,-59.00,"","",""
Boynton Beach 1100 N Congress Ave,10/10/2026,ZPOHZXIC,ZOB2U5U6KQ,63.00,-9.00,"","","","","","","","","","",63.00,-54.00,-9.00,"",""
West Palm Beach 771 Village Blvd,10/10/2026,WITOPT87,F0V0NEWGKK,54.00,"","","","","","","","","","","",54.00,-54.00,"","",""
West Palm Beach 771 Village Blvd,10/10/2026,C286LGBR,N8ZXGD9RSC,54.00,-54.00,"","","","","","","","","","",54.00,"",-54.00,"",""
West Palm Beach 771 Village Blvd,10/10/2026,53MSNOPD,2FJGSCW0I8,54.00,"","","","","","","","","","","",54.00,"","","",54.00
Wellington 13860 Wellington Trace,10/10/2026,NFRI8PKM,4T64P5VHOD,78.00,-6.00,"","","","","","","","","","",78.00,-54.00,-6.00,"",18.00
Wellington 13860 Wellington Trace,10/10/2026,60X3NI7I,QW6T4KNGJH,70.00,-16.00,"","","","","","","","","","",70.00,-54.00,-16.00,"",""
Wellington 13860 Wellington Trace,10/10/2026,DEFJVI00,"","","","","","","","","",25.00,"","","",25.00,"","","",25.00
Boynton Beach 1100 N Congress Ave,10/10/2026,CAR8E8K8,"","","","","","","","","",30.00,"","","",30.00,"","","",30.00
Wellington 13860 Wellington Trace,10/10/2026,V7E18PLD,"","","","","","","","","",25.00,"","","",25.00,"","","",25.00
Wellington 13860 Wellington Trace,10/10/2026,LGHHFCR5,"","","","","","","","","",25.00,"","","",25.00,"","","",25.00
Lake Worth 8777 Hypoluxo Road,10/10/2026,XIQIP5XS,"","","","","","","","","",50.00,"","","",50.00,"","","",50.00
Wellington 13860 Wellington Trace,10/10/2026,BFYEOS0A,"","","","","","","","","",65.00,"","","",65.00,"","","",65.00
Lake Worth 8777 Hypoluxo Road,10/10/2026,4TPSQ50A,"","","","","","","","","",65.00,"","","",65.00,"","","",65.00
Wellington 13860 Wellington Trace,10/10/2026,X8YYOXT4,"","","","","","","","","",65.00,"","","",65.00,"","","",65.00
Wellington 13860 Wellington Trace,10/10/2026,QVNO5RFB,"","","","","","","","","",69.00,"","","",69.00,"","","",69.00
West Palm Beach 771 Village Blvd,10/10/2026,EXZH2AV4,"","","","","","","","","",58.00,"","","",58.00,"","","",58.00
Cooper City 10028 Griffin Rd,10/10/2026,WML2B2ER,"","","","","","","","","",58.00,"","","",58.00,"","","",58.00
Lake Worth 8777 Hypoluxo Road,10/10/2026,0C0BMUCK,HWAZ02G0S4,66.00,-3.00,"","","","","","","","","","",66.00,-54.00,-3.00,"",9.00
Wellington 13860 Wellington Trace,10/10/2026,AEZ1KPHG,"8T1R0HPNOZ,O1SALAK8AM",54.00,"","","","","","","","","","","",54.00,"","","",54.00
Wellington 13860 Wellington Trace,10/10/2026,05QU6XIZ,PQOON4F8ZR,54.00,"","","","","","","","","","","",54.00,-54.00,"","",""
West Palm Beach 771 Village Blvd,10/10/2026,GLXTD9UP,4KEPD7E4EP,54.00,-15.00,"","","","","","","","","","",54.00,"",-15.00,"",39.00
Lake Worth 8777 Hypoluxo Road,10/10/2026,L9G05P9B,JXZRUXTPOU,66.00,-3.00,"","","","","","","","","","",66.00,-54.00,-3.00,"",9.00
West Palm Beach 771 Village Blvd,10/10/2026,NIV2CK0X,NYSU5KJI5V,54.00,"","","","","","","","","","","",54.00,-54.00,"","",""
Lake Worth 8777 Hypoluxo Road,10/10/2026,930WMMCF,"9HZCX44GN2,L0KFU4GYZ2",108.00,"","","","","","","","","","","",108.00,-108.00,"","",""
Boynton Beach 1100 N Congress Ave,10/10/2026,R0UDCPAL,MS706MDU7L,84.00,"","","","","","","","","","","",84.00,"","","",84.00
Lake Worth 8777 Hypoluxo Road,10/10/2026,M6G9HJOV,"IO6K1UXTSM,16ARYYJMKI",168.00,-15.00,"","","","","","","","","","",168.00,-108.00,-15.00,"",45.00
Boynton Beach 1100 N Congress Ave,10/10/2026,R1JOAC6I,7DX9DPCRNX,81.00,-6.75,"","","","","","","","","","",81.00,-54.00,-6.75,"",20.25
West Palm Beach 771 Village Blvd,10/10/2026,9RPRT07R,Y9T5JH1CA1,78.00,-6.00,"","","","","","","","","","",78.00,-54.00,-6.00,"",18.00
Boynton Beach 1100 N Congress Ave,10/10/2026,F1UTZSFK,D2R40FHLOW,86.00,-8.00,"","","","","","","","","","",86.00,-54.00,-8.00,"",24.00
Wellington 13860 Wellington Trace,10/10/2026,31E6LW6T,M5ZH2OA0WQ,75.00,-5.25,"","","","","","","","","","",75.00,-54.00,-5.25,"",15.75
West Palm Beach 771 Village Blvd,10/10/2026,5IX86FPQ,Z7QRJ131HI,78.00,-6.00,"","","","","","","","","","",78.00,-54.00,-6.00,"",18.00
West Palm Beach 771 Village Blvd,10/10/2026,C9K3X278,1L2J6XG3E5,60.00,-1.50,"","","","","","","","","","",60.00,-54.00,-1.50,"",4.50
Wellington 13860 Wellington Trace,10/10/2026,6XBF1LCP,GHHUXHHBD4,90.00,-9.00,"","","","","","","","","","",90.00,-54.00,-9.00,"",27.00
Wellington 13860 Wellington Trace,10/10/2026,4SHJXMBL,"OVFGEGQ1CO,UBBTQLLHMB",146.00,"","","","","","","","","","","",146.00,"","","",146.00
Cooper City 10028 Griffin Rd,10/10/2026,L05QJTK6,"","","","","","","","","",38.00,"","","",38.00,"","","",38.00
Lake Worth 8777 Hypoluxo Road,10/10/2026,TS1ZZDAM,HCLC1Z05TJ,116.00,-15.50,"","","","","","","","","","",116.00,-54.00,-15.50,"",46.50
Boynton Beach 1100 N Congress Ave,10/10/2026,POQAP9TV,NB0I2LINM7,63.00,-2.25,"","","","","","","","","","",63.00,-54.00,-2.25,"",6.75
Lake Worth 8777 Hypoluxo Road,10/10/2026,3J6G87L4,WE30JDWOFL,134.00,-20.00,"","","","","","","","","","",134.00,-54.00,-20.00,"",60.00
Boynton Beach 1100 N Congress Ave,10/10/2026,VB8YFS1V,T1IBOTJTT6,54.00,"","","","","","","","","","","",54.00,-54.00,"","",""
Wellington 13860 Wellington Trace,10/10/2026,OR6CM0J8,GEVHJW10TS,106.00,-13.00,"","","","","","","","","","",106.00,-54.00,-13.00,"",39.00
Wellington 13860 Wellington Trace,10/10/2026,IBK6MP5K,"HV9TMXYIHA,ODNIQXMVZS",183.00,-18.75,"","","","","","","","","","",183.00,-108.00,-18.75,"",56.25
West Palm Beach 771 Village Blvd,10/10/2026,NXVRD8IT,XUJ0RW23D0,110.00,-14.00,"","","","","","","","","","",110.00,-54.00,-14.00,"",42.00
West Palm Beach 771 Village Blvd,10/10/2026,HVIDNZMO,CTAW26UT9C,106.00,-106.00,"","","","","","","","","","",106.00,"",-106.00,"",""
Wellington 13860 Wellington Trace,10/10/2026,8RP9MVO4,REVFW5HG74,70.00,-4.00,"","","","","","","","","","",70.00,-54.00,-4.00,"",12.00
West Palm Beach 771 Village Blvd,10/10/2026,AYS6KZSW,Z5BKIXK4YP,80.00,-6.50,"","","","","","","","","","",80.00,-54.00,-6.50,"",19.50
Wellington 13860 Wellington Trace,10/10/2026,W4CP69KL,"GRYGO88HAR,WU8UTR765K",123.00,-3.75,"","","","","","","","","","",123.00,-108.00,-3.75,"",11.25
Lake Worth 8777 Hypoluxo Road,10/10/2026,WGYFGG02,"","","","","","","","","",49.00,"","","",49.00,"","","",49.00
West Palm Beach 771 Village Blvd,10/10/2026,KMLUCZGP,F03XKWQWYU,54.00,"","","","","","","","","","","",54.00,-54.00,"","",""
Lake Worth 8777 Hypoluxo Road,10/10/2026,XQIFOCD2,JN4GDU3WIW,84.00,-7.50,"","","","","","","","","","",84.00,-54.00,-7.50,"",22.50
Lake Worth 8777 Hypoluxo Road,10/10/2026,LE0QD3EA,M0IDB0JQG1,66.00,-3.00,"","","","","","","","","","",66.00,-54.00,-3.00,"",9.00
Lake Worth 8777 Hypoluxo Road,10/10/2026,M1NEYQYP,I4GX9XOUZI,110.00,-14.00,"","","","","","","","","","",110.00,-54.00,-14.00,"",42.00
West Palm Beach 771 Village Blvd,10/10/2026,II19SJUU,"","","","","","","","","",28.00,"","","",28.00,"","","",28.00
West Palm Beach 771 Village Blvd,10/10/2026,30J3JKXM,"","","","","","","","","",28.00,"","","",28.00,"","","",28.00
Wellington 13860 Wellington Trace,10/10/2026,ULIJOXF4,JOD8H4QP90,96.00,-10.50,"","","","","","","","","","",96.00,-54.00,-10.50,"",31.50
Wellington 13860 Wellington Trace,10/10/2026,7FXHYIO4,"1QHJZGTELA,VYWG4GUE2C,KER5OQFRJE",294.00,-48.00,"","","","","","","","","","",294.00,-162.00,-48.00,"",84.00
West Palm Beach 771 Village Blvd,10/10/2026,64XL9CGF,"","","","","","","","","",25.00,"","","",25.00,"","","",25.00
Cooper City 10028 Griffin Rd,10/10/2026,NGP91RL9,"","","","","","","","","",28.00,"","","",28.00,"","","",28.00
Wellington 13860 Wellington Trace,10/10/2026,5SFGHE4R,MVMYWA4WSR,60.00,-1.50,49.98,-12.50,"","","","","","","","",109.98,-54.00,-14.00,"",41.98
Lake Worth 8777 Hypoluxo Road,10/10/2026,SDOQYGEJ,XMOZQS06CH,54.00,"","","","","","","","","","","",54.00,-54.00,"","",""
West Palm Beach 771 Village Blvd,10/10/2026,QF3MBGTS,YR3W7BO6VJ,76.00,-5.50,"","","","","","","","","","",76.00,-54.00,-5.50,"",16.50
West Palm Beach 771 Village Blvd,10/10/2026,QL4I7IUF,14B5BPNCY0,162.00,-11.00,"","","","","","","","","","",162.00,"",-11.00,"",151.00
Lake Worth 8777 Hypoluxo Road,10/10/2026,O51A3V4U,"1ISN4SV9RB,TA09LD5P4H",108.00,"","","","","","","","","","","",108.00,-108.00,"","",""
Lake Worth 8777 Hypoluxo Road,10/10/2026,YVK6IORO,2A0XOZSG7B,54.00,"","","","","","","","","","","",54.00,-54.00,"","",""
Boynton Beach 1100 N Congress Ave,10/10/2026,7WQI5ZTL,"4R9WW0L3CE,7AWVH7S4EW",358.00,-62.50,"","","","","","","","","","",358.00,-108.00,-62.50,"",187.50
West Palm Beach 771 Village Blvd,10/10/2026,IFIU31WD,PR0BE7YZBP,54.00,"","","","","","","","","","","",54.00,-54.00,"","",""
Boynton Beach 1100 N Congress Ave,10/10/2026,KVLD3TR0,RRG39XWX47,84.00,-7.50,"","","","","","","","","","",84.00,-54.00,-7.50,"",22.50
Lake Worth 8777 Hypoluxo Road,10/10/2026,TLZ7BM3D,NAHB6XHTXL,96.00,-19.50,"","","","","","","","","","",96.00,-54.00,-19.50,"",22.50
Lake Worth 8777 Hypoluxo Road,10/10/2026,884LCOWJ,"ILIW9CT3ZL,LNGSFCJYM8",316.00,-52.00,"","","","","","","","","","",316.00,-108.00,-52.00,"",156.00
Lake Worth 8777 Hypoluxo Road,10/10/2026,A85DYS43,AJ3NCWGBX2,54.00,"","","","","","","","","","","",54.00,-54.00,"","",""
Cooper City 10028 Griffin Rd,10/10/2026,CQUBI74O,"","","","","","","","","",28.00,-28.00,"","",28.00,"",-28.00,"",""
West Palm Beach 771 Village Blvd,10/10/2026,MJRWT5G9,VLFSEIM5QZ,54.00,"","","","","","","","","","","",54.00,-54.00,"","",""
Cooper City 10028 Griffin Rd,10/10/2026,CYVVVSM9,"","","","","","","","","",28.00,-28.00,"","",28.00,"",-28.00,"",""
Wellington 13860 Wellington Trace,10/10/2026,XHCZ69IB,"VKUBBKHKZZ,9SCK9OLMWA",108.00,"","","","","","","","","","","",108.00,-108.00,"","",""
West Palm Beach 771 Village Blvd,10/10/2026,L96559I8,SOBSJ1EA3U,125.00,"","","","","","","","","","","",125.00,"","","",125.00
Boynton Beach 1100 N Congress Ave,10/10/2026,L9075777,"E05XUENL88,1BNHV0ZQA3",108.00,"","","","","","","","","","","",108.00,-108.00,"","",""
Wellington 13860 Wellington Trace,10/10/2026,I122DQZ7,P6X09XM99L,93.00,-9.75,"","","","","","","","","","",93.00,-54.00,-9.75,"",29.25
Cooper City 10028 Griffin Rd,10/10/2026,SAEMQ7CH,"","","","","","","","","",28.00,"","","",28.00,"","","",28.00
West Palm Beach 771 Village Blvd,10/10/2026,VME135E4,VPWHI2JQOY,54.00,"","","","","","","","","","","",54.00,-54.00,"","",""
West Palm Beach 771 Village Blvd,10/10/2026,OHX4HSN7,"GG5W3W7HSE,GKMPDNZI6M",132.00,-6.00,"","","","","","","","","","",132.00,-108.00,-6.00,"",18.00
Cooper City 10028 Griffin Rd,10/10/2026,1J3BN10J,"","","","","","","","","",38.00,"","","",38.00,"","","",38.00
Wellington 13860 Wellington Trace,10/10/2026,57MURJIQ,FFMJZU4O7D,60.00,-1.50,"","","","","","","","","","",60.00,-54.00,-1.50,"",4.50
Wellington 13860 Wellington Trace,10/10/2026,85PO944K,KDMNP5LG88,139.00,-21.25,"","","","","","","","","","",139.00,-54.00,-21.25,"",63.75
Wellington 13860 Wellington Trace,10/10/2026,NIN2A6GR,G18X7HLWKG,133.00,-19.75,"","","","","","","","","","",133.00,-54.00,-19.75,"",59.25
Lake Worth 8777 Hypoluxo Road,10/10/2026,E55O5BEB,OU4OELN17K,84.00,-7.50,"","","","","","","","","","",84.00,-54.00,-7.50,"",22.50
Lake Worth 8777 Hypoluxo Road,10/10/2026,3AP4Q7KU,"04843SKG17,GSYR6UETJ6",252.00,-36.00,"","","","","","","","","","",252.00,-108.00,-36.00,"",108.00
Boynton Beach 1100 N Congress Ave,10/10/2026,L2AVBTNO,1R9SOIH51L,106.00,-13.00,"","","","","","","","","","",106.00,-54.00,-13.00,"",39.00
Cooper City 10028 Griffin Rd,10/10/2026,LGKNKH1J,"","","","","","","","","",28.00,-28.00,"","",28.00,"",-28.00,"",""
Wellington 13860 Wellington Trace,10/10/2026,VH1Y20Q1,"243NRSJWW4,7QWPU9KII9",202.00,-23.50,"","","","","","","","","","",202.00,-108.00,-23.50,"",70.50
Boynton Beach 1100 N Congress Ave,10/10/2026,TL0RJ1PT,T3HMS19MSP,27.00,"","","","","","","","","","","",27.00,"","","",27.00
West Palm Beach 771 Village Blvd,10/10/2026,S1Q9U115,XZXM5HQA0G,66.00,-3.00,26.99,-2.70,"","","","","","","","",92.99,-54.00,-5.70,"",33.29
West Palm Beach 771 Village Blvd,10/10/2026,AV62I2ZR,ZJMMT50TEU,54.00,-15.00,"","","","","","","","","","",54.00,"",-15.00,"",39.00
West Palm Beach 771 Village Blvd,10/10/2026,DFH8I17T,"3TENZ41T4B,5L2S415DLQ",120.00,-3.00,"","","","","","","","","","",120.00,-108.00,-3.00,"",9.00
Lake Worth 8777 Hypoluxo Road,10/10/2026,82CYW4V7,"GX75CL0T44,6PIGBH5U6C",132.00,-6.00,"","","","","","","","","","",132.00,-108.00,-6.00,"",18.00
Lake Worth 8777 Hypoluxo Road,10/10/2026,PUSZ4P9D,"4N3CFUV0ER,1XBOVS71EH",108.00,"","","","","","","","","","","",108.00,-108.00,"","",""
Lake Worth 8777 Hypoluxo Road,10/10/2026,DSQW8TVV,ATVU7D2M0M,102.00,-12.00,"","","","","","","","","","",102.00,-54.00,-12.00,"",36.00
West Palm Beach 771 Village Blvd,10/10/2026,B7XQP2V6,EJ81W7QPKQ,106.00,-13.00,"","","","","","","","","","",106.00,-54.00,-13.00,"",39.00
Lake Worth 8777 Hypoluxo Road,10/10/2026,2KR9J2OD,2IO7R2FZ3D,54.00,"","","","","","","","","","","",54.00,-54.00,"","",""
Wellington 13860 Wellington Trace,10/10/2026,06ZHMXDC,3ILYHV2KTE,54.00,-15.00,"","","","","","","","","","",54.00,"",-15.00,"",39.00
Wellington 13860 Wellington Trace,10/10/2026,CDLPHC2N,"399K98B436,GE7M581AYY",242.00,-33.50,"","","","","","","","","","",242.00,-108.00,-33.50,"",100.50
Wellington 13860 Wellington Trace,10/10/2026,BO8OCDKK,"M6535A11FF,KSY6GGVXBK",192.00,-34.50,"","","","","","","","","","",192.00,-54.00,-34.50,"",103.50
Wellington 13860 Wellington Trace,10/10/2026,3KXDG2WV,5J9MSBWQ02,84.00,-7.50,"","","","","","",49.00,"","","",133.00,-54.00,-7.50,"",71.50
Lake Worth 8777 Hypoluxo Road,10/10/2026,4ARZER15,"QR9IWREW1Z,GUGT7UV9F1",394.00,-45.00,"","","","","","","","","","",394.00,-214.00,-45.00,"",135.00
Lake Worth 8777 Hypoluxo Road,10/10/2026,MQY3D243,0ASTAW3S76,"","","","","","","","","","","","","","","","",""
West Palm Beach 771 Village Blvd,10/10/2026,26733F3G,69EL98JGB1,54.00,"","","","","","","","","","","",54.00,-54.00,"","",""
West Palm Beach 771 Village Blvd,10/10/2026,64KHAIJ6,QTAUOE2R1H,"","","","","","","","","","","","","","","","",""
Boynton Beach 1100 N Congress Ave,10/10/2026,5UQ21STO,J8V9BT6QQC,71.00,-3.00,"","","","","","","","","","",71.00,-59.00,-3.00,"",9.00
Boynton Beach 1100 N Congress Ave,10/10/2026,8H23VYBW,0G1D02694K,54.00,"","","","","","","","","","","",54.00,-54.00,"","",""
Boynton Beach 1100 N Congress Ave,10/10/2026,S7D9OLJL,AE2VOWDB7B,"","","","","","","","","","","","","","","","",""
Wellington 13860 Wellington Trace,10/10/2026,ZHHZ4DTR,9GLUQMZBMV,"","","","","","","","","","","","","","","","",""
Boynton Beach 1100 N Congress Ave,10/9/2026,AM6FKN8E,4MGAQL7MWH,54.00,"","","","","","","","","","","",54.00,-54.00,"","",""
Lake Worth 8777 Hypoluxo Road,10/9/2026,9HP377UM,BOSHRMU51Y,94.00,-10.00,"","","","","","","","","","",94.00,-54.00,-10.00,"",30.00
West Palm Beach 771 Village Blvd,10/9/2026,IAIBQR6Q,DVPSYAROIO,112.00,-14.50,"","","","","","","","","","",112.00,-54.00,-14.50,"",43.50
West Palm Beach 771 Village Blvd,10/9/2026,8HQ1T4WS,UFA6MONN92,106.00,-13.00,"","","","","","","","","","",106.00,-54.00,-13.00,"",39.00
Boynton Beach 1100 N Congress Ave,10/9/2026,ZH5CJO3R,23PWHSQH54,94.00,"","","","","","","","","","","",94.00,"","","",94.00
West Palm Beach 771 Village Blvd,10/9/2026,XLY1R8VK,WC5TJ4PL87,144.00,-22.50,"","","","","","","","","","",144.00,-54.00,-22.50,"",67.50
Boynton Beach 1100 N Congress Ave,10/9/2026,CEG1ICGD,WK096OMSD5,93.00,-9.75,"","","","","","","","","","",93.00,-54.00,-9.75,"",29.25
West Palm Beach 771 Village Blvd,10/9/2026,4I5UHYF7,QFFV8HSVSC,196.00,-9.00,"","","","","","","","","","",196.00,-160.00,-9.00,"",27.00
Boynton Beach 1100 N Congress Ave,10/9/2026,CUJZZRZS,SKCQJNGSN7,106.00,-13.00,"","","","","","","","","","",106.00,-54.00,-13.00,"",39.00
Lake Worth 8777 Hypoluxo Road,10/9/2026,HM06E0LV,X5AOMPMFVM,54.00,"","","","","","","","","","","",54.00,-54.00,"","",""
Boynton Beach 1100 N Congress Ave,10/9/2026,7GUXF6WY,MAVGJXXGGW,139.00,"","","","","","","","","","","",139.00,"","","",139.00
Wellington 13860 Wellington Trace,10/9/2026,X6Q6EWTI,"","","","","","","","","",38.00,"","","",38.00,"","","",38.00
Boynton Beach 1100 N Congress Ave,10/9/2026,OEDXV0C6,"","","","","","","","","",25.00,"","","",25.00,"","","",25.00
Boynton Beach 1100 N Congress Ave,10/9/2026,G2ZLWWMD,"","","","","","","","","",55.00,"","","",55.00,"","","",55.00
Wellington 13860 Wellington Trace,10/9/2026,M6TLWZDW,"","","","","","","","","",59.00,"","","",59.00,"","","",59.00
Boynton Beach 1100 N Congress Ave,10/9/2026,TD2HZZH0,"","","","","","","","","",69.00,"","","",69.00,"","","",69.00
West Palm Beach 771 Village Blvd,10/9/2026,3SAP2L91,"","","","","","","","","",58.00,"","","",58.00,"","","",58.00
West Palm Beach 771 Village Blvd,10/9/2026,IP9E0B9P,"","","","","","","","","",138.00,"","","",138.00,"","","",138.00
Wellington 13860 Wellington Trace,10/9/2026,E4XN0GGY,"","","","","","","","","",69.00,"","","",69.00,"","","",69.00
West Palm Beach 771 Village Blvd,10/9/2026,N5JXA6NP,QTD9IIADB0,84.00,-7.50,"","","","","","","","","","",84.00,-54.00,-7.50,"",22.50
Lake Worth 8777 Hypoluxo Road,10/9/2026,90IKSRGX,MAK3UZPBO2,60.00,-1.50,"","","","","","","","","","",60.00,-54.00,-1.50,"",4.50
Boynton Beach 1100 N Congress Ave,10/9/2026,6O7ZPNSR,XA4ECP6HPU,66.00,-3.00,"","","","","","","","","","",66.00,-54.00,-3.00,"",9.00
Wellington 13860 Wellington Trace,10/9/2026,LW44EVDJ,GVP0T59R4H,94.00,-10.00,"","","","","","","","","","",94.00,-54.00,-10.00,"",30.00
Boynton Beach 1100 N Congress Ave,10/9/2026,OOO0VL6H,8YXQNPW70X,60.00,-1.50,"","","","","","","","","","",60.00,-54.00,-1.50,"",4.50
West Palm Beach 771 Village Blvd,10/9/2026,ZERLI9K7,"CXJCBCMU20,62BGUZ98NX",126.00,-4.50,"","","","","","","","","","",126.00,-108.00,-4.50,"",13.50
Boynton Beach 1100 N Congress Ave,10/9/2026,IJP9N2JF,"","","",26.99,-6.75,"","","","","","","","",26.99,"",-6.75,"",20.24
Wellington 13860 Wellington Trace,10/9/2026,P5AGE8X9,"","","","","","","","","",39.00,"","","",39.00,"","","",39.00
Wellington 13860 Wellington Trace,10/9/2026,TRK95E94,"","","","","","","","","",39.00,"","","",39.00,"","","",39.00
Wellington 13860 Wellington Trace,10/9/2026,WW4JJAPQ,"","","","","","","","","",39.00,"","","",39.00,"","","",39.00
Wellington 13860 Wellington Trace,10/9/2026,LIJXKRPK,GMYEU2U101,104.00,-26.00,"","","","","","","","","","",104.00,"",-26.00,"",78.00
West Palm Beach 771 Village Blvd,10/9/2026,K45E9S37,XK7NDB8137,112.00,-14.50,"","","","","","","","","","",112.00,-54.00,-14.50,"",43.50
Wellington 13860 Wellington Trace,10/9/2026,XY286SU2,4DTXA7TVGL,90.00,-9.00,"","","","","","","","","","",90.00,-54.00,-9.00,"",27.00
West Palm Beach 771 Village Blvd,10/9/2026,9RKHYNUY,N2DMLXC5YU,112.00,-14.50,"","","","","","","","","","",112.00,-54.00,-14.50,"",43.50
Lake Worth 8777 Hypoluxo Road,10/9/2026,PVSPPLCC,"","","","","","","","","",49.00,"","","",49.00,"","","",49.00
Wellington 13860 Wellington Trace,10/9/2026,HJ8090OR,O6HTCU4TUU,18.00,"","","","","","","","","","","",18.00,"","","",18.00
Lake Worth 8777 Hypoluxo Road,10/9/2026,FBTLA02P,QNSSLHC61W,132.00,-19.50,"","","","","","","","","","",132.00,-54.00,-19.50,"",58.50
Wellington 13860 Wellington Trace,10/9/2026,KCYDU33L,BWQ9KLUR2G,63.00,-2.25,"","","","","","","","","","",63.00,-54.00,-2.25,"",6.75
Boynton Beach 1100 N Congress Ave,10/9/2026,TROSVZ0I,AZ1PGBIVEN,54.00,"","","","","","","","","","","",54.00,-54.00,"","",""
Boynton Beach 1100 N Congress Ave,10/9/2026,V1N04TGP,"8KT2H6UYEG,TSRJZ9USSI",108.00,"","","","","","","","","","","",108.00,-108.00,"","",""
Lake Worth 8777 Hypoluxo Road,10/9/2026,G5JKITU0,"1NI38V7L3M,9QS8XM64JF",260.00,-38.00,"","","","","","","","","","",260.00,-108.00,-38.00,"",114.00
West Palm Beach 771 Village Blvd,10/9/2026,BH6OHNZ0,EA28XDLKVP,96.00,-10.50,"","","","","","","","","","",96.00,-54.00,-10.50,"",31.50
Wellington 13860 Wellington Trace,10/9/2026,S9G3GWSW,"","","","","","","","","",79.50,"","","",79.50,"","","",79.50
Wellington 13860 Wellington Trace,10/9/2026,PUAV1GYW,"","","","","","","","","",34.00,"","","",34.00,"","","",34.00
Wellington 13860 Wellington Trace,10/9/2026,NN41G3LO,"VKVCWYEK3S,BIIJPAX8JR",283.00,-17.25,"","","","","","","","","","",283.00,-214.00,-17.25,"",51.75
West Palm Beach 771 Village Blvd,10/9/2026,XVAFYT2D,CANUUB7XTA,80.00,-6.50,"","","","","","","","","","",80.00,-54.00,-6.50,"",19.50
Lake Worth 8777 Hypoluxo Road,10/9/2026,I9ZXW5Y8,VQFGURY1O1,54.00,"","","","","","","","","","","",54.00,-54.00,"","",""
West Palm Beach 771 Village Blvd,10/9/2026,KLO2ZJUP,CA8PCRHHLM,27.00,"","","","","","","","","","","",27.00,"","","",27.00
West Palm Beach 771 Village Blvd,10/9/2026,DQGW740A,"2JNL4YFQMI,FNKPKMKVGS,NM0IDXHKZA",165.00,"","","","","","","","","","","",165.00,-165.00,"","",""
Wellington 13860 Wellington Trace,10/9/2026,7XR1JIYF,BCTLSFEQ8G,130.00,-19.00,"","","","","","","","","","",130.00,-54.00,-19.00,"",57.00
Boynton Beach 1100 N Congress Ave,10/9/2026,V7M0R6WS,K57GDGYFLQ,54.00,-15.00,"","","","","","","","","","",54.00,"",-15.00,"",39.00
Lake Worth 8777 Hypoluxo Road,10/9/2026,TJCYB0NN,4UWJKR1PO4,142.00,-22.00,"","","","","","","","","","",142.00,-54.00,-22.00,"",66.00
Boynton Beach 1100 N Congress Ave,10/9/2026,250Y7YQQ,X7UQ36AMVO,63.00,-2.25,"","","","","","","","","","",63.00,-54.00,-2.25,"",6.75
West Palm Beach 771 Village Blvd,10/9/2026,WZK7N52R,SN8HFBTRSU,138.00,"","","","","","","","","","","",138.00,"","","",138.00
Wellington 13860 Wellington Trace,10/9/2026,HGVZAQ1S,N9DIDW4GWX,175.00,-30.25,"","","","","","","","","","",175.00,-54.00,-30.25,"",90.75
Boynton Beach 1100 N Congress Ave,10/9/2026,JJ3Y4GU7,JHT8PBXIHO,54.00,"","","","","","","","","","","",54.00,-54.00,"","",""
Lake Worth 8777 Hypoluxo Road,10/9/2026,Z70C6HFH,WFVFA0VLU4,114.00,-15.00,"","","","","","","","","","",114.00,-54.00,-15.00,"",45.00
Boynton Beach 1100 N Congress Ave,10/9/2026,V3EB74RO,QD9X34W453,54.00,"","","","","","","","","","","",54.00,-54.00,"","",""
Wellington 13860 Wellington Trace,10/9/2026,C2TF5L26,SKQDI5CCMJ,54.00,"","","","","","","","","","","",54.00,-54.00,"","",""
Lake Worth 8777 Hypoluxo Road,10/9/2026,V7O2R4LL,FAFCFPJCP7,93.00,-9.75,"","","","","","","","","","",93.00,-54.00,-9.75,"",29.25
Boynton Beach 1100 N Congress Ave,10/9/2026,AW2O0AFW,W5L8ILZQLL,72.00,-4.50,"","","","","","","","","","",72.00,-54.00,-4.50,"",13.50
Wellington 13860 Wellington Trace,10/9/2026,MK5X6F17,64MZNAHZ13,66.00,-3.00,"","","","","","","","","","",66.00,-54.00,-3.00,"",9.00
Boynton Beach 1100 N Congress Ave,10/9/2026,RI7S0GR3,"LRYLMETJDB,ZGDPZJQ3FT",108.00,"","","","","","","","","","","",108.00,-108.00,"","",""
Wellington 13860 Wellington Trace,10/9/2026,4UL7HYRJ,NYL3IBPBOH,142.00,-22.00,"","","","","","","","","","",142.00,-54.00,-22.00,"",66.00
Lake Worth 8777 Hypoluxo Road,10/9/2026,0M21JPHG,4O8RPD33RG,66.00,-3.00,"","","","","","","","","","",66.00,-54.00,-3.00,"",9.00
Lake Worth 8777 Hypoluxo Road,10/9/2026,6DG0Y2YW,ZEH2Y5LPSZ,78.00,-6.00,"","","","","","","","","","",78.00,-54.00,-6.00,"",18.00
Cooper City 10028 Griffin Rd,10/9/2026,64NTNRZ1,"","","","","","","","","",96.00,-96.00,"","",96.00,"",-96.00,"",""
Lake Worth 8777 Hypoluxo Road,10/9/2026,SLU2CHMP,TQQSKXPLB6,"","","","","","","","","","","","","","","","",""
Wellington 13860 Wellington Trace,10/9/2026,O4UO2NHY,PBFGDXCJMP,"","","","","","","","","","","","","","","","",""
Lake Worth 8777 Hypoluxo Road,10/9/2026,FAO6AE81,"","","",30.00,"","","","","","","","","",30.00,"","","",30.00
Boynton Beach 1100 N Congress Ave,10/9/2026,CMFF4LHN,WT5H169R7Q,"","","","","","","","","","","","","","","","",""
West Palm Beach 771 Village Blvd,10/9/2026,GBOEQ2MX,1Z3F187HZH,"","","","","","","","","","","","","","","","",""
Boynton Beach 1100 N Congress Ave,10/8/2026,00BII7OP,KO7TT7TLEG,131.00,-28.25,"","","","","","","","","","",131.00,-54.00,-28.25,"",48.75
Wellington 13860 Wellington Trace,10/8/2026,6CAJKURS,4136228JME,126.00,-18.00,"","","","","","","","","","",126.00,-54.00,-18.00,"",54.00
Boynton Beach 1100 N Congress Ave,10/8/2026,AB4W9W1M,V2FDBQ7PK3,79.00,"","","","","","","","","","","",79.00,"","","",79.00
Wellington 13860 Wellington Trace,10/8/2026,8J7MCB66,XRS4XSR53S,106.00,-29.50,"","","","","","","","","","",106.00,-54.00,-29.50,"",22.50
Boynton Beach 1100 N Congress Ave,10/8/2026,4EHRPF7Z,1I0PV2EV5G,84.00,-7.50,"","","","","","","","","","",84.00,-54.00,-7.50,"",22.50
Wellington 13860 Wellington Trace,10/8/2026,BJYYRXOX,KKAMF11WYF,169.00,-2.25,"","","","","","","","","","",169.00,-160.00,-2.25,"",6.75
Boynton Beach 1100 N Congress Ave,10/8/2026,2VPA07NN,"PBUR8QQ06K,LVQDZQ46ZN",108.00,-108.00,"","","","","","","","","","",108.00,"",-108.00,"",""
Boynton Beach 1100 N Congress Ave,10/8/2026,7FKQ91U1,QSDHUR9XM0,54.00,"","","","","","","","","","","",54.00,-54.00,"","",""
Wellington 13860 Wellington Trace,10/8/2026,58W9TT54,6BBCZIV7QG,69.00,-3.75,"","","","","","","","","","",69.00,-54.00,-3.75,"",11.25
Wellington 13860 Wellington Trace,10/8/2026,NBF1RHQN,"J3CW6KMKUV,7JLHRHFV76",268.00,-40.00,"","","","","","","","","","",268.00,-108.00,-40.00,"",120.00
Boynton Beach 1100 N Congress Ave,10/8/2026,0JFVSCD9,"","","","","","","","","",25.00,"","","",25.00,"","","",25.00
Lake Worth 8777 Hypoluxo Road,10/8/2026,G8MMHEEE,"","","","","","","","","",25.00,"","","",25.00,"","","",25.00
Lake Worth 8777 Hypoluxo Road,10/8/2026,OW1DFTDU,"","","","","","","","","",25.00,"","","",25.00,"","","",25.00
Wellington 13860 Wellington Trace,10/8/2026,UZJZWB9G,"","","","","","","","","",69.00,"","","",69.00,"","","",69.00
Wellington 13860 Wellington Trace,10/8/2026,PP6UJ2IC,"","","","","","","","","",69.00,"","","",69.00,"","","",69.00
West Palm Beach 771 Village Blvd,10/8/2026,OKWK90DG,"","","","","","","","","",28.00,"","","",28.00,"","","",28.00
Lake Worth 8777 Hypoluxo Road,10/8/2026,QNP900SN,"","","","","","","","","",69.00,"","","",69.00,"","","",69.00
Wellington 13860 Wellington Trace,10/8/2026,YWLCUKN1,"","","","","","","","","",69.00,"","","",69.00,"","","",69.00
Wellington 13860 Wellington Trace,10/8/2026,KHTV3PJF,"","","","","","","","","",29.00,"","","",29.00,"","","",29.00
Wellington 13860 Wellington Trace,10/8/2026,MVWQZKEM,"","","","","","","","","",47.50,"","","",47.50,"","","",47.50
Wellington 13860 Wellington Trace,10/8/2026,90KPL92B,"","","","","","","","","",69.00,"","","",69.00,"","","",69.00
Boynton Beach 1100 N Congress Ave,10/8/2026,1QB7WB53,5YDL83MIT7,106.00,-13.00,"","","","","","","","","","",106.00,-54.00,-13.00,"",39.00
Wellington 13860 Wellington Trace,10/8/2026,W40N556U,"","","","","","","","","",28.00,"","","",28.00,"","","",28.00
Lake Worth 8777 Hypoluxo Road,10/8/2026,LBRW9440,"","","","","","","","","",28.00,"","","",28.00,"","","",28.00
Boynton Beach 1100 N Congress Ave,10/8/2026,053IWXB6,CQCGZZPMU6,63.00,-2.25,"","","","","","","","","","",63.00,-54.00,-2.25,"",6.75
Boynton Beach 1100 N Congress Ave,10/8/2026,YU2DLKM4,UCAMG6K8HQ,54.00,"","","","","","","","","","","",54.00,-54.00,"","",""
West Palm Beach 771 Village Blvd,10/8/2026,Y5GE5WEZ,2DT8AOC2NU,84.00,-7.50,"","","","","","",69.00,"","","",153.00,-54.00,-7.50,"",91.50
Wellington 13860 Wellington Trace,10/8/2026,HVC42GIK,LWRZJYP52H,125.00,"","","","","","","","","","","",125.00,"","","",125.00
Lake Worth 8777 Hypoluxo Road,10/8/2026,8XEYIBS9,ON3GCNGE4Q,66.00,-3.00,"","","","","","","","","","",66.00,-54.00,-3.00,"",9.00
Lake Worth 8777 Hypoluxo Road,10/8/2026,R7VRVYRK,"","","","","","","","","",35.00,"","","",35.00,"","","",35.00
Cooper City 10028 Griffin Rd,10/8/2026,4YM9IVNE,"","","","","","","","","",25.00,"","","",25.00,"","","",25.00
Cooper City 10028 Griffin Rd,10/8/2026,U8GZ4I80,"","","","","","","","","",25.00,"","","",25.00,"","","",25.00
Boynton Beach 1100 N Congress Ave,10/8/2026,7WCZMM6M,U77WTXGIUM,54.00,-15.00,"","","","","","","","","","",54.00,"",-15.00,"",39.00
Cooper City 10028 Griffin Rd,10/8/2026,XG1RBNQG,"","","","","","","","","",25.00,"","","",25.00,"","","",25.00
Cooper City 10028 Griffin Rd,10/8/2026,E3052UK5,"","","","","","","","","",25.00,"","","",25.00,"","","",25.00
Lake Worth 8777 Hypoluxo Road,10/8/2026,D58FWLZG,KXRU05U8W0,168.00,-57.00,"","","","","","","","","","",168.00,-54.00,-57.00,"",57.00
West Palm Beach 771 Village Blvd,10/8/2026,VKICNQJN,593W5WHGW1,48.00,"","","","","","","","","","","",48.00,"","","",48.00
Wellington 13860 Wellington Trace,10/8/2026,VUILXAQH,250ZUX6PLP,63.00,-2.25,"","","","","","","","","","",63.00,-54.00,-2.25,"",6.75
Boynton Beach 1100 N Congress Ave,10/8/2026,CVIMZ9PY,"JMFEI9PQ11,FOSKR2XQBK",128.00,-5.00,"","","","","","","","","","",128.00,-108.00,-5.00,"",15.00
West Palm Beach 771 Village Blvd,10/8/2026,VT19Q7BR,BQJYIGEINH,138.00,-43.50,"","","","","","","","","","",138.00,-54.00,-43.50,"",40.50
West Palm Beach 771 Village Blvd,10/8/2026,1MRCB4UG,LH5BRW3O5B,110.00,-14.00,"","","","","","","","","","",110.00,-54.00,-14.00,"",42.00
Wellington 13860 Wellington Trace,10/8/2026,ULJ9PFH3,98MQU813K7,118.00,-16.00,"","","","","","","","","","",118.00,-54.00,-16.00,"",48.00
Lake Worth 8777 Hypoluxo Road,10/8/2026,SSZ36F0L,OHJIN6EA05,130.00,-19.00,13.99,-1.40,"","","","","","","","",143.99,-54.00,-20.40,"",69.59
Wellington 13860 Wellington Trace,10/8/2026,V7E4495H,"J37OEVXPQ2,EQBKDUPNS3",174.00,-30.00,24.99,-6.25,"","","","","","","","",198.99,-108.00,-36.25,"",54.74
Wellington 13860 Wellington Trace,10/8/2026,HGE442FS,UGNH1UWRWL,84.00,-7.50,"","","","","","","","","","",84.00,-54.00,-7.50,"",22.50
Wellington 13860 Wellington Trace,10/8/2026,3T4O0H3D,JWLN0R4RY4,18.00,"","","","","","","","","","","",18.00,"","","",18.00
Lake Worth 8777 Hypoluxo Road,10/8/2026,BUU5K1AF,7USPR5DWDC,66.00,-3.00,"","","","","","","","","","",66.00,-54.00,-3.00,"",9.00
Wellington 13860 Wellington Trace,10/8/2026,2WE23BOW,72JTIV7RQV,66.00,-3.00,"","","","","","","","","","",66.00,-54.00,-3.00,"",9.00
Boynton Beach 1100 N Congress Ave,10/8/2026,NP9SNTJP,"HCTT0OZTAD,WDM1WV2CP3",224.00,-29.00,"","","","","","","","","","",224.00,-108.00,-29.00,"",87.00
West Palm Beach 771 Village Blvd,10/8/2026,MC7ZJXUE,WXWXSBQCIH,110.00,-14.00,"","","","","","","","","","",110.00,-54.00,-14.00,"",42.00
Boynton Beach 1100 N Congress Ave,10/8/2026,63YZNX8R,"","","","","","","","","",38.00,"","","",38.00,"","","",38.00
Boynton Beach 1100 N Congress Ave,10/8/2026,YE2SBEXO,"","","","","","","","","",35.00,"","","",35.00,"","","",35.00
Boynton Beach 1100 N Congress Ave,10/8/2026,S4VTGATX,23UYDXVUA4,60.00,-1.50,"","","","","","","","","","",60.00,-54.00,-1.50,"",4.50
Boynton Beach 1100 N Congress Ave,10/8/2026,AUM361AK,"","","","","","","","","",39.00,"","","",39.00,"","","",39.00
Lake Worth 8777 Hypoluxo Road,10/8/2026,ODY0X07B,"NGSPAC318M,A1STLBSBXB",168.00,-15.00,"","","","","","","","","","",168.00,-108.00,-15.00,"",45.00
Boynton Beach 1100 N Congress Ave,10/8/2026,TDA7O7LW,"","","","","","","","","",28.00,"","","",28.00,"","","",28.00
Boynton Beach 1100 N Congress Ave,10/8/2026,ZTYTVKLV,GBS5RG0IER,110.00,-14.00,"","","","","","","","","","",110.00,-54.00,-14.00,"",42.00
Cooper City 10028 Griffin Rd,10/8/2026,PWY9DKVK,"","","","","","","","","",28.00,"","","",28.00,"","","",28.00
Cooper City 10028 Griffin Rd,10/8/2026,XPX4ZRN7,"","","","","","","","","",28.00,-28.00,"","",28.00,"",-28.00,"",""
Boynton Beach 1100 N Congress Ave,10/8/2026,9I45T1OM,7S4KUYMRX5,125.00,"","","","","","","","","","","",125.00,"","","",125.00
Cooper City 10028 Griffin Rd,10/8/2026,S886D25E,"","","","","","","","","",28.00,-28.00,"","",28.00,"",-28.00,"",""
Cooper City 10028 Griffin Rd,10/8/2026,9BA5NIVZ,"","","","","","","","","",28.00,-28.00,"","",28.00,"",-28.00,"",""
Lake Worth 8777 Hypoluxo Road,10/8/2026,G2BZ11PI,EBRSOUGU6V,27.00,"","","","","","","","","","","",27.00,"","","",27.00
Lake Worth 8777 Hypoluxo Road,10/8/2026,3U9O6N15,63PH868ATC,66.00,-3.00,"","","","","","","","","","",66.00,-54.00,-3.00,"",9.00
West Palm Beach 771 Village Blvd,10/8/2026,J9U74L02,"","","","","","","","","",27.50,"","","",27.50,"","","",27.50
West Palm Beach 771 Village Blvd,10/8/2026,0FZ2EAJL,17QOVL8L48,140.00,-21.50,"","","","","","","","","","",140.00,-54.00,-21.50,"",64.50
West Palm Beach 771 Village Blvd,10/8/2026,ZUR0TJK1,PIT73WOGKA,105.00,-12.75,"","","","","","","","","","",105.00,-54.00,-12.75,"",38.25
Lake Worth 8777 Hypoluxo Road,10/8/2026,G7RCC5OA,NY7G0QYMAH,69.00,-3.75,"","","","","","","","","","",69.00,-54.00,-3.75,"",11.25
Lake Worth 8777 Hypoluxo Road,10/8/2026,XXMOKNUB,"","","",14.99,"","","","","","","","","",14.99,"","","",14.99
Boynton Beach 1100 N Congress Ave,10/8/2026,4ARB4FQF,01DIYCJO5G,78.00,-6.00,"","","","","","","","","","",78.00,-54.00,-6.00,"",18.00
West Palm Beach 771 Village Blvd,10/8/2026,YFH4AK9Z,7BM1ZA6YVX,"","","","","","","","","","","","","","","","",""
Lake Worth 8777 Hypoluxo Road,10/8/2026,1MU185NF,DZJT7FFR6N,54.00,"","","","","","","","","","","",54.00,-54.00,"","",""
Boynton Beach 1100 N Congress Ave,10/8/2026,YN5P0SOD,WV652IMSBO,"","","","","","","","","","","","","","","","",""
Wellington 13860 Wellington Trace,10/8/2026,8X6J9UZZ,40MDGJ3PAP,54.00,"","","","","","","","","","","",54.00,-54.00,"","",""
Lake Worth 8777 Hypoluxo Road,10/8/2026,JMI91A6P,GS7OO43544,"","","","","","","","","","","","","","","","",""
Wellington 13860 Wellington Trace,10/8/2026,IIJRT75T,"","","","","","","","","",39.00,"","","",39.00,"","","",39.00
Cooper City 10028 Griffin Rd,10/8/2026,T2OQAZN2,"","","","","","","","","",28.00,"","","",28.00,"","","",28.00
Wellington 13860 Wellington Trace,10/8/2026,OBA9D641,MDT2NQHNJG,94.00,-10.00,"","","","","","","","","","",94.00,-54.00,-10.00,"",30.00
Wellington 13860 Wellington Trace,10/8/2026,GTFKXXZR,I7EKVNC746,"","","","","","","","","","","","","","","","",""
Cooper City 10028 Griffin Rd,10/8/2026,OM0U4PB2,"","","","","","","","","",28.00,-28.00,"","",28.00,"",-28.00,"",""
Lake Worth 8777 Hypoluxo Road,10/7/2026,V8O0I6XX,UANA7KO55N,126.00,-18.00,"","","","","","","","","","",126.00,-54.00,-18.00,"",54.00
Lake Worth 8777 Hypoluxo Road,10/7/2026,YF9CYU4I,2MODTXQYYA,144.00,-12.00,"","","","","","","","","","",144.00,-114.00,-12.00,"",18.00
Boynton Beach 1100 N Congress Ave,10/7/2026,GL9E25OA,8E2FP7RFPI,54.00,"","","","","","","","","","","",54.00,-54.00,"","",""
Boynton Beach 1100 N Congress Ave,10/7/2026,HJOIYVV0,DXD5MUZ3JO,54.00,"","","","","","","","","","","",54.00,-54.00,"","",""
Wellington 13860 Wellington Trace,10/7/2026,XH9Z5MFT,V50NF0LFBU,54.00,"","","","","","","","","","","",54.00,-54.00,"","",""
Wellington 13860 Wellington Trace,10/7/2026,IR9FBC8S,ZSHTSRFPF2,106.00,-13.00,"","","","","","","","","","",106.00,-54.00,-13.00,"",39.00
Wellington 13860 Wellington Trace,10/7/2026,CM0P6ZGB,C1GIOMBOQD,115.00,-15.25,"","","","","","","","","","",115.00,-54.00,-15.25,"",45.75
Wellington 13860 Wellington Trace,10/7/2026,73OUWQ1V,J1QCLR8RRQ,54.00,"","","","","","","","","","","",54.00,-54.00,"","",""
Boynton Beach 1100 N Congress Ave,10/7/2026,GYWRFEJB,K34IQAHF7S,54.00,"","","","","","","","","","","",54.00,-54.00,"","",""
Boynton Beach 1100 N Congress Ave,10/7/2026,D1CXUEPL,QVITYKD0WV,54.00,"","","","","","","","","","","",54.00,-54.00,"","",""
Lake Worth 8777 Hypoluxo Road,10/7/2026,EGHTH34S,HK0SUDDOJ6,54.00,"","","","","","","","","","","",54.00,-54.00,"","",""
Wellington 13860 Wellington Trace,10/7/2026,LI6SO4XO,N7R3TC983N,94.00,-10.00,"","","","","","","","","","",94.00,-54.00,-10.00,"",30.00
Wellington 13860 Wellington Trace,10/7/2026,JEX2QA5I,"","","","","","","","","",25.00,"","","",25.00,"","","",25.00
Boynton Beach 1100 N Congress Ave,10/7/2026,ZMM90EQJ,"","","","","","","","","",50.00,"","","",50.00,"","","",50.00
Boynton Beach 1100 N Congress Ave,10/7/2026,IUSKP3DH,"","","","","","","","","",25.00,"","","",25.00,"","","",25.00
Boynton Beach 1100 N Congress Ave,10/7/2026,7990RTPC,"","","","","","","","","",69.00,"","","",69.00,"","","",69.00
Wellington 13860 Wellington Trace,10/7/2026,218RLNNR,"","","","","","","","","",69.00,"","","",69.00,"","","",69.00
Lake Worth 8777 Hypoluxo Road,10/7/2026,1PSSBZHS,"","","","","","","","","",39.00,"","","",39.00,"","","",39.00
Boynton Beach 1100 N Congress Ave,10/7/2026,M2F69FIW,"","","","","","","","","",69.00,"","","",69.00,"","","",69.00
West Palm Beach 771 Village Blvd,10/7/2026,73TX24GD,"","","","","","","","","",127.00,"","","",127.00,"","","",127.00
Lake Worth 8777 Hypoluxo Road,10/7/2026,IR7SSQH2,LHF6ETPH4U,27.00,"","","","","","","","","","","",27.00,"","","",27.00
Lake Worth 8777 Hypoluxo Road,10/7/2026,23B9MEMH,9Z8OFSL92L,90.00,-9.00,"","","","","","","","","","",90.00,-54.00,-9.00,"",27.00
West Palm Beach 771 Village Blvd,10/7/2026,220OO57Y,JM02BXD9FR,63.00,-2.25,"","","","","","","","","","",63.00,-54.00,-2.25,"",6.75
West Palm Beach 771 Village Blvd,10/7/2026,2D5P89B4,H2XMGWODPD,63.00,-2.25,"","","","","","","","","","",63.00,-54.00,-2.25,"",6.75
West Palm Beach 771 Village Blvd,10/7/2026,AFTUJRZR,VUKFAHJEHJ,54.00,"","","","","","","","","","","",54.00,-54.00,"","",""
West Palm Beach 771 Village Blvd,10/7/2026,B8U74GOB,RKRC9DQHYU,63.00,-2.25,"","","","","","","","","","",63.00,-54.00,-2.25,"",6.75
Lake Worth 8777 Hypoluxo Road,10/7/2026,6TPN2U5E,NJ6GJCC7J0,75.00,"","","","","","","","","","","",75.00,"","","",75.00
West Palm Beach 771 Village Blvd,10/7/2026,UYHLB3M2,S92G4CUBNF,126.00,"","","","","","","","","","","",126.00,"","","",126.00
Lake Worth 8777 Hypoluxo Road,10/7/2026,QYU3T0H9,"","","","","","","","","",29.00,"","","",29.00,"","",-29.00,""
Lake Worth 8777 Hypoluxo Road,10/7/2026,YVKTA10L,"","","","","","","","","",29.00,"","","",29.00,"","",-29.00,""
Wellington 13860 Wellington Trace,10/7/2026,1XC4PSAT,MCO3LB8XQ3,54.00,"","","","","","","","","","","",54.00,"","","",54.00
Wellington 13860 Wellington Trace,10/7/2026,DVLL589N,ZA7BW3H4P6,69.00,-3.75,"","","","","","","","","","",69.00,-54.00,-3.75,"",11.25
Lake Worth 8777 Hypoluxo Road,10/7/2026,MBJ2GD3N,"YAJY7DAC5M,XLWJLZ4NKS",162.00,-13.50,"","","","","","","","","","",162.00,-108.00,-13.50,"",40.50
Lake Worth 8777 Hypoluxo Road,10/7/2026,SSRIIBA7,"9GB825G682,J9GG230PZH",220.00,-28.00,"","","","","","","","","","",220.00,-108.00,-28.00,"",84.00
West Palm Beach 771 Village Blvd,10/7/2026,GOP89EVJ,"AREUGJK597,LW57FV78MV",192.00,-21.00,"","","","","","","","","","",192.00,-108.00,-21.00,"",63.00
Wellington 13860 Wellington Trace,10/7/2026,02M0DJM2,17FW15TREK,54.00,"","","","","","","","","","","",54.00,-54.00,"","",""
West Palm Beach 771 Village Blvd,10/7/2026,ONRZTR7Y,Q0QEH8PG02,178.00,-31.00,"","","","","","","","","","",178.00,-54.00,-31.00,"",93.00
West Palm Beach 771 Village Blvd,10/7/2026,6HBU850K,8U349HISFC,54.00,"","","","","","","","","","","",54.00,-54.00,"","",""
Cooper City 10028 Griffin Rd,10/7/2026,HRCDZCQ3,"","","","","","","","","",28.00,-28.00,"","",28.00,"",-28.00,"",""
West Palm Beach 771 Village Blvd,10/7/2026,LW3APG0F,CU251H4EVC,114.00,-15.00,"","","","","","","","","","",114.00,-54.00,-15.00,"",45.00
Lake Worth 8777 Hypoluxo Road,10/7/2026,4NWP1ZCQ,6ALS91CFUV,78.00,-54.00,"","","","","","","","","","",78.00,"",-54.00,"",24.00
West Palm Beach 771 Village Blvd,10/7/2026,XO5BA5AJ,TIZUMVWBKJ,"","","","","","","","","","","","","","","","",""
Wellington 13860 Wellington Trace,10/7/2026,8UM0PZX8,CD9TWUTT18,"","","","","","","","","","","","","","","","",""
Lake Worth 8777 Hypoluxo Road,10/7/2026,R0OAQKCF,"9KP0LFJO5Q,O59INQN9T6",193.00,-21.25,"","","","","","","","","","",193.00,-108.00,-21.25,"",63.75
Lake Worth 8777 Hypoluxo Road,10/7/2026,GTQLDU5J,G80LAVDNKN,"","","","","","","","","","","","","","","","",""
Lake Worth 8777 Hypoluxo Road,10/6/2026,YC1CEOA4,R4ORMV4HWK,80.00,-6.50,"","","","","","","","","","",80.00,-54.00,-6.50,"",19.50
Wellington 13860 Wellington Trace,10/6/2026,ME6ZDM3U,22UVCMWODP,179.00,-31.25,"","","","","","","","","","",179.00,-54.00,-31.25,"",93.75
Lake Worth 8777 Hypoluxo Road,10/6/2026,C65F63BG,MXJPBG9G73,126.00,-3.00,"","","","","","","","","","",126.00,-114.00,-3.00,"",9.00
West Palm Beach 771 Village Blvd,10/6/2026,Z9Z373B8,M5MVTSDELL,60.00,-1.50,"","","","","","","","","","",60.00,-54.00,-1.50,"",4.50
West Palm Beach 771 Village Blvd,10/6/2026,9RA1W6V1,EMIT6PUF6Y,63.00,-2.25,"","","","","","","","","","",63.00,-54.00,-2.25,"",6.75
Lake Worth 8777 Hypoluxo Road,10/6/2026,LGM4BU71,2OF4UWUCFV,102.00,-12.00,"","","","","","","","","","",102.00,-54.00,-12.00,"",36.00
Wellington 13860 Wellington Trace,10/6/2026,TAU6PKPP,BL6BEBCCL4,54.00,"","","","","","","","","","","",54.00,-54.00,"","",""
Wellington 13860 Wellington Trace,10/6/2026,PQR5SGDS,VWVR5NNHJY,66.00,-3.00,"","","","","","","","","","",66.00,-54.00,-3.00,"",9.00
Wellington 13860 Wellington Trace,10/6/2026,6WOMDLZT,NOITTCOVU9,54.00,"","","","","","","","","","","",54.00,-54.00,"","",""
Wellington 13860 Wellington Trace,10/6/2026,Z99O6MPR,K6Z5I5QIM0,122.00,-17.00,"","","","","","","","","","",122.00,-54.00,-17.00,"",51.00
Lake Worth 8777 Hypoluxo Road,10/6/2026,N19GJVQW,2OWRS9WQHQ,222.00,-73.50,"","","","","","","","","","",222.00,-54.00,-73.50,"",94.50
Lake Worth 8777 Hypoluxo Road,10/6/2026,M0VJLV57,WN4Y7KCQP6,60.00,-1.50,"","","","","","","","","","",60.00,-54.00,-1.50,"",4.50
Lake Worth 8777 Hypoluxo Road,10/6/2026,IA7AEGDL,3EXTLY6ATF,72.00,-4.50,"","","","","","","","","","",72.00,-54.00,-4.50,"",13.50
Boynton Beach 1100 N Congress Ave,10/6/2026,7J0O22LB,"","","","","","","","","",25.00,"","","",25.00,"","","",25.00
West Palm Beach 771 Village Blvd,10/6/2026,L8NK7F7R,"","","","","","","","","",25.00,"","","",25.00,"","","",25.00
Boynton Beach 1100 N Congress Ave,10/6/2026,E2M0SPUQ,"","","","","","","","","",25.00,"","","",25.00,"","","",25.00
Wellington 13860 Wellington Trace,10/6/2026,EPUZV3F8,"","","","","","","","","",25.00,"","","",25.00,"","","",25.00
Boynton Beach 1100 N Congress Ave,10/6/2026,VTW2LOJD,"","","","","","","","","",25.00,"","","",25.00,"","","",25.00
West Palm Beach 771 Village Blvd,10/6/2026,RDM3SD0R,"","","","","","","","","",118.00,"","","",118.00,"","","",118.00
Wellington 13860 Wellington Trace,10/6/2026,BDZIBOQS,"","","","","","","","","",69.00,"","","",69.00,"","","",69.00
Wellington 13860 Wellington Trace,10/6/2026,TICFD5DT,"","","","","","","","","",69.00,"","","",69.00,"","","",69.00
Lake Worth 8777 Hypoluxo Road,10/6/2026,XA7L1CWJ,"","","","","","","","","",127.00,"","","",127.00,"","","",127.00
Lake Worth 8777 Hypoluxo Road,10/6/2026,59XDOOMR,"","","","","","","","","",58.00,"","","",58.00,"","","",58.00
Lake Worth 8777 Hypoluxo Road,10/6/2026,EWTL1J1Z,"","","","","","","","","",69.00,"","","",69.00,"","","",69.00
West Palm Beach 771 Village Blvd,10/6/2026,LCJZKIGD,"0Y6RPK6OH8,82BOX2RCWI",160.00,-52.00,"","","","","","","","","","",160.00,-108.00,-52.00,"",""
West Palm Beach 771 Village Blvd,10/6/2026,PAFTSC7J,ZFHXKFXY3B,15.00,"","","","","","","","","","","",15.00,"","","",15.00
West Palm Beach 771 Village Blvd,10/6/2026,GWJSNSC9,HPXCULBNA4,60.00,-1.50,"","","","","","","","","","",60.00,-54.00,-1.50,"",4.50
Wellington 13860 Wellington Trace,10/6/2026,7TLFEDGQ,"","","","","","","","","",39.00,"","","",39.00,"","","",39.00
Lake Worth 8777 Hypoluxo Road,10/6/2026,9EGOH1C5,HZ4JUIUFCM,118.00,-16.00,"","","","","","","","","","",118.00,-54.00,-16.00,"",48.00
Wellington 13860 Wellington Trace,10/6/2026,1S9WMPRK,"","","","","","","","","",39.00,"","","",39.00,"","","",39.00
Wellington 13860 Wellington Trace,10/6/2026,AQKWQVB8,"","","","","","","","","",35.00,"","","",35.00,"","","",35.00
Wellington 13860 Wellington Trace,10/6/2026,2WF71AII,"","","","","","","","","",39.00,"","","",39.00,"","","",39.00
Boynton Beach 1100 N Congress Ave,10/6/2026,DUBJ0Z6K,"","","","","","","","","",28.00,"","","",28.00,"","","",28.00
West Palm Beach 771 Village Blvd,10/6/2026,3OI1PT9F,LX41J6DFHZ,54.00,"","","","","","","","","","","",54.00,-54.00,"","",""
West Palm Beach 771 Village Blvd,10/6/2026,E9HOYYHI,7HJL1TXOVD,63.00,-2.25,"","","","","","","","","","",63.00,-54.00,-2.25,"",6.75
Boynton Beach 1100 N Congress Ave,10/6/2026,XAZ3630S,"EVZIZ3K6KV,JRETP11ENN",252.00,-36.00,"","","","","","","","","","",252.00,-108.00,-36.00,"",108.00
Boynton Beach 1100 N Congress Ave,10/6/2026,X1OQIJOL,U69QBNMWXN,"","","","","","","","","","","","","","","","",""
Lake Worth 8777 Hypoluxo Road,10/6/2026,IX3NKG0O,"V4OULSVIIG,F2FP989E2Y",108.00,"","","","","","","","","","","",108.00,-108.00,"","",""
West Palm Beach 771 Village Blvd,10/6/2026,BRFC67XP,VY0WJYC6XM,54.00,"","","","","","","","","","","",54.00,-54.00,"","",""
Lake Worth 8777 Hypoluxo Road,10/6/2026,50OFY2N8,W3RZ5DJN5B,106.00,-13.00,"","","","","","","","","","",106.00,-54.00,-13.00,"",39.00
West Palm Beach 771 Village Blvd,10/6/2026,QDKBAT3O,W177Y4448N,60.00,-1.50,"","","","","","","","","","",60.00,-54.00,-1.50,"",4.50
Lake Worth 8777 Hypoluxo Road,10/6/2026,VTLQ5RC9,"","","","","","","","","",58.00,"","","",58.00,"","","",58.00
Lake Worth 8777 Hypoluxo Road,10/6/2026,14QO8QXT,"O6NMD2NYGP,AHCN15B1MQ",246.00,-211.50,"","","","","","","","","","",246.00,"",-211.50,"",34.50
West Palm Beach 771 Village Blvd,10/6/2026,39LKEYNO,"F32CQEEB2G,5N1J6M6F0I",198.00,-22.50,"","","","","","",78.00,"","","",276.00,-108.00,-22.50,"",145.50
Wellington 13860 Wellington Trace,10/6/2026,X0HMFEB1,"RLNB0QU7HS,73H6XD8ZI6",303.00,-48.75,"","","","","","","","","","",303.00,-108.00,-48.75,"",146.25
Wellington 13860 Wellington Trace,10/6/2026,FXD08DSW,E21CHUY18R,166.00,-28.00,"","","","","","","","","","",166.00,-54.00,-28.00,"",84.00
West Palm Beach 771 Village Blvd,10/6/2026,D6U9EP9Q,M4IHA8BAJ4,38.00,"","","","","","","","","","","",38.00,"","","",38.00
West Palm Beach 771 Village Blvd,10/6/2026,CXK5M4XP,MV36BE8VUD,112.00,-14.50,"","","","","","","","","","",112.00,-54.00,-14.50,"",43.50
Lake Worth 8777 Hypoluxo Road,10/6/2026,29TRUETQ,"BVD4HZHNF6,Q5DSWMHJ9C",108.00,"","","","","","","","","","","",108.00,-108.00,"","",""
Wellington 13860 Wellington Trace,10/6/2026,TSZOFEWE,"1A5K3QCJYM,SDOLB1Z5XB",368.00,-65.00,"","","","","","","","","","",368.00,-108.00,-65.00,"",195.00
Wellington 13860 Wellington Trace,10/6/2026,GT97ZHRD,PAFTWJD2WB,118.00,-16.00,"","","","","","","","","","",118.00,-54.00,-16.00,"",48.00
West Palm Beach 771 Village Blvd,10/6/2026,4CGA30EG,"","","","","","","","","",29.00,"","","",29.00,"","","",29.00
West Palm Beach 771 Village Blvd,10/6/2026,K178BGSR,U50BVH6DWI,106.00,-13.00,"","","","","","","","","","",106.00,-54.00,-13.00,"",39.00
Wellington 13860 Wellington Trace,10/6/2026,XCITDH4J,"","","","","","","","","",38.00,"","","",38.00,"","","",38.00
Wellington 13860 Wellington Trace,10/6/2026,VC5QFTCM,830OW9JRWZ,163.00,-27.25,"","","","","","","","","","",163.00,-54.00,-27.25,"",81.75
Wellington 13860 Wellington Trace,10/6/2026,1D55K9WX,"BPQR4S10YZ,RMSKH6J8HP",120.00,-3.00,"","","","","","","","","","",120.00,-108.00,-3.00,"",9.00
Lake Worth 8777 Hypoluxo Road,10/6/2026,HACZEKZC,LYI2KZYDF3,54.00,"","","","","","","","","","","",54.00,-54.00,"","",""
Wellington 13860 Wellington Trace,10/6/2026,FUBMN1SR,SAQAVL6E3N,130.00,-19.00,"","","","","","","","","","",130.00,-54.00,-19.00,"",57.00
Wellington 13860 Wellington Trace,10/6/2026,1ZVEDR3K,5UFWYO9EFF,139.00,-21.25,"","","","","","","","","","",139.00,-54.00,-21.25,"",63.75
Lake Worth 8777 Hypoluxo Road,10/6/2026,PSA9FV77,QCRE39VUPJ,98.00,-11.00,"","","","","","","","","","",98.00,-54.00,-11.00,"",33.00
Lake Worth 8777 Hypoluxo Road,10/6/2026,1RV98ANX,LJ6RW2U8V3,18.00,"","","","","","","","","","","",18.00,"","","",18.00
Lake Worth 8777 Hypoluxo Road,10/6/2026,GZEPQ3H7,ND2VH0DQRA,"","","","","","","","","","","","","","","","",""
Wellington 13860 Wellington Trace,10/6/2026,2JUPUB2M,LN70YOYG4L,"","","","","","","","","","","","","","","","",""
West Palm Beach 771 Village Blvd,10/6/2026,Z6ZQW7M7,SKF5CEVIV8,"","","","","","","","","","","","","","","","",""
Cooper City 10028 Griffin Rd,10/6/2026,0R0XCQ8H,"","","","","","","","","",28.00,-28.00,"","",28.00,"",-28.00,"",""
Cooper City 10028 Griffin Rd,10/6/2026,1L7N2H88,"","","","","","","","","",28.00,-28.00,"","",28.00,"",-28.00,"",""
Wellington 13860 Wellington Trace,10/5/2026,8POJBGV5,7U6AU24Z35,126.00,"","","","","","","","","","","",126.00,"","","",126.00
Wellington 13860 Wellington Trace,10/5/2026,9JW9BOFA,Y3FZEHGDLO,54.00,"","","","","","","","","","","",54.00,-54.00,"","",""
Wellington 13860 Wellington Trace,10/5/2026,5TC1DZ06,P513BGT696,138.00,-21.00,"","","","","","","","","","",138.00,-54.00,-21.00,"",63.00
Boynton Beach 1100 N Congress Ave,10/5/2026,VZFNANRT,"","","","","","","","","",69.00,"","","",69.00,"","","",69.00
Wellington 13860 Wellington Trace,10/5/2026,ULOQ62Y9,"","","","","","","","","",25.00,"","","",25.00,"","","",25.00
West Palm Beach 771 Village Blvd,10/5/2026,QI2HNY7X,"","","","","","","","","",25.00,"","","",25.00,"","","",25.00
Boynton Beach 1100 N Congress Ave,10/5/2026,L674Q4D5,"","","","","","","","","",50.00,"","","",50.00,"","","",50.00
Wellington 13860 Wellington Trace,10/5/2026,FGFDCG44,"","","","","","","","","",45.00,"","","",45.00,"","","",45.00
Boynton Beach 1100 N Congress Ave,10/5/2026,SRLSVITX,"","","","","","","","","",25.00,"","","",25.00,"","","",25.00
Wellington 13860 Wellington Trace,10/5/2026,T4GOPT3I,"","","","","","","","","",25.00,"","","",25.00,"","","",25.00
Wellington 13860 Wellington Trace,10/5/2026,J9PV31ZK,"","","","","","","","","",25.00,"","","",25.00,"","","",25.00
Boynton Beach 1100 N Congress Ave,10/5/2026,HLUA4VFF,"","","","","","","","","",59.00,"","","",59.00,"","","",59.00
West Palm Beach 771 Village Blvd,10/5/2026,IT0AOD86,"","","","","","","","","",59.00,"","","",59.00,"","","",59.00
Boynton Beach 1100 N Congress Ave,10/5/2026,KU5MZ7SB,"","","","","","","","","",65.00,"","","",65.00,"","","",65.00
Lake Worth 8777 Hypoluxo Road,10/5/2026,AD68VEAD,"","","","","","","","","",167.00,"","","",167.00,"","","",167.00
Boynton Beach 1100 N Congress Ave,10/5/2026,RK9ZS36T,"","","","","","","","","",69.00,"","","",69.00,"","","",69.00
Lake Worth 8777 Hypoluxo Road,10/5/2026,2RPK0W6L,"","","","","","","","","",69.00,"","","",69.00,"","","",69.00
Wellington 13860 Wellington Trace,10/5/2026,UPLYDQFS,TIPN337NX2,74.00,-5.00,"","","","","","","","","","",74.00,-54.00,-5.00,"",15.00
Wellington 13860 Wellington Trace,10/5/2026,9WXMMUYW,"KSOYA0QS9P,WR2VPZQN1W",236.00,-32.00,"","","","","","","","","","",236.00,-108.00,-32.00,"",96.00
Wellington 13860 Wellington Trace,10/5/2026,7P3U9UZF,HLI17L4ZII,94.00,"","","","","","","","","","","",94.00,"","","",94.00
Wellington 13860 Wellington Trace,10/5/2026,SLL8D38G,"","","","","","","","","",38.00,"","","",38.00,"","","",38.00
Wellington 13860 Wellington Trace,10/5/2026,EU2CH8GV,"","","","","","","","","",35.00,"","","",35.00,"","","",35.00
Wellington 13860 Wellington Trace,10/5/2026,DFWKOWU4,"","","","","","","","","",49.00,"","","",49.00,"","","",49.00
Wellington 13860 Wellington Trace,10/5/2026,RAINE7OX,P5HXP0STI4,"","","","","","","","","","","","","","","","",""
Boynton Beach 1100 N Congress Ave,10/4/2026,CPDS6J74,ZYX0GGSKHI,54.00,"","","","","","","","","","","",54.00,-54.00,"","",""
Boynton Beach 1100 N Congress Ave,10/4/2026,NB3SHXK3,OOSCXP7G2F,54.00,-15.00,"","","","","","","","","","",54.00,"",-15.00,"",39.00
Wellington 13860 Wellington Trace,10/4/2026,381EE86O,II4U4NGKE6,166.00,-28.00,24.99,-6.25,"","","","","","","","",190.99,-54.00,-34.25,"",102.74
Boynton Beach 1100 N Congress Ave,10/4/2026,JU05QWS6,"36LPS7U2O0,8GH7WMA3A4",108.00,"","","","","","","","","","","",108.00,-108.00,"","",""
Lake Worth 8777 Hypoluxo Road,10/4/2026,RJWCFPUV,6E0I0Q2SJU,78.00,-6.00,"","","","","","","","","","",78.00,-54.00,-6.00,"",18.00
Boynton Beach 1100 N Congress Ave,10/4/2026,5YI5OUD4,WTSEGT2L85,63.00,-2.25,"","","","","","","","","","",63.00,-54.00,-2.25,"",6.75
Lake Worth 8777 Hypoluxo Road,10/4/2026,NGKLRSUC,49U23DG0GU,63.00,-2.25,"","","","","","","","","","",63.00,-54.00,-2.25,"",6.75
Lake Worth 8777 Hypoluxo Road,10/4/2026,9YLGJ7ZU,HY87QWVJ2F,79.00,-6.25,54.98,-5.50,"","","","","","","","",133.98,-54.00,-11.75,"",68.23
Boynton Beach 1100 N Congress Ave,10/4/2026,5ZU8E6TT,UQ8TTI9XGX,54.00,"","","","","","","","","","","",54.00,-54.00,"","",""
Boynton Beach 1100 N Congress Ave,10/4/2026,0TB4M7M3,WSSVTGPT4Q,116.00,"","","","","","","","","","","",116.00,"","","",116.00
Wellington 13860 Wellington Trace,10/4/2026,ZDR71R5R,65Z4SYSTAK,54.00,"","","","","","","","","","","",54.00,-54.00,"","",""
Lake Worth 8777 Hypoluxo Road,10/4/2026,L0E03JWS,JK1EGF8TMO,130.00,-19.00,"","","","","","","","","","",130.00,-54.00,-19.00,"",57.00
Wellington 13860 Wellington Trace,10/4/2026,JLG5G2I2,MFBDK3232F,66.00,-3.00,"","","","","","","","","","",66.00,-54.00,-3.00,"",9.00
Wellington 13860 Wellington Trace,10/4/2026,HM5KWJ3U,B36I04MVCY,126.00,-18.00,"","","","","","","","","","",126.00,-54.00,-18.00,"",54.00
Lake Worth 8777 Hypoluxo Road,10/4/2026,YRUPSRIT,"3AT8SZWFWV,INL7CZ1GD4",126.00,-11.25,"","","","","","","","","","",126.00,-108.00,-11.25,"",6.75
West Palm Beach 771 Village Blvd,10/4/2026,J5A2YDW7,3PAB4SDC6K,66.00,-3.00,"","","","","","","","","","",66.00,-54.00,-3.00,"",9.00
Wellington 13860 Wellington Trace,10/4/2026,K5TDICY9,7BKTM4SEZE,74.00,-5.00,"","","","","","","","","","",74.00,-54.00,-5.00,"",15.00
Boynton Beach 1100 N Congress Ave,10/4/2026,Y3I99NBH,"","","","","","","","","",25.00,"","","",25.00,"","","",25.00
Boynton Beach 1100 N Congress Ave,10/4/2026,H6OMQFGN,"","","","","","","","","",50.00,"","","",50.00,"","","",50.00
Wellington 13860 Wellington Trace,10/4/2026,HJK2BTZO,"","","","","","","","","",25.00,"","","",25.00,"","","",25.00
Boynton Beach 1100 N Congress Ave,10/4/2026,AYCAJ8UF,"","","","","","","","","",50.00,"","","",50.00,"","","",50.00
Boynton Beach 1100 N Congress Ave,10/4/2026,L00MN0AV,"","","","","","","","","",25.00,"","","",25.00,"","","",25.00
Boynton Beach 1100 N Congress Ave,10/4/2026,Z52J46KD,"","","","","","","","","",40.00,"","","",40.00,"","","",40.00
Wellington 13860 Wellington Trace,10/4/2026,UP3P6PB7,"","","","","","","","","",65.00,"","","",65.00,"","","",65.00
Lake Worth 8777 Hypoluxo Road,10/4/2026,WGUTBOV2,"","","","","","","","","",65.00,"","","",65.00,"","","",65.00
Lake Worth 8777 Hypoluxo Road,10/4/2026,2S8OGQUK,"","","","","","","","","",65.00,"","","",65.00,"","","",65.00
Lake Worth 8777 Hypoluxo Road,10/4/2026,EXB7EXF6,"","","","","","","","","",38.00,"","","",38.00,"","","",38.00
Wellington 13860 Wellington Trace,10/4/2026,ZS9VERDC,"","","","","","","","","",49.00,"","","",49.00,"","","",49.00
West Palm Beach 771 Village Blvd,10/4/2026,6PT87CK4,"","","","","","","","","",69.00,"","","",69.00,"","","",69.00
Wellington 13860 Wellington Trace,10/4/2026,EXCGCXS6,"","","","","","","","","",69.00,"","","",69.00,"","","",69.00
Boynton Beach 1100 N Congress Ave,10/4/2026,PJ60ZMKZ,"","","","","","","","","",69.00,"","","",69.00,"","","",69.00
Cooper City 10028 Griffin Rd,10/4/2026,WGZGC52E,"","","","","","","","","",58.00,"","","",58.00,"","","",58.00
West Palm Beach 771 Village Blvd,10/4/2026,2CG8LWL8,LL41OCVVEG,55.00,"","","","","","","","","","","",55.00,-55.00,"","",""
Boynton Beach 1100 N Congress Ave,10/4/2026,X6Q9T4FF,O5PPIX5H6D,63.00,-2.25,"","","","","","","","","","",63.00,-54.00,-2.25,"",6.75
Wellington 13860 Wellington Trace,10/4/2026,S4P1QMNG,8AZOB3KAOZ,54.00,"","","","","","","","","","","",54.00,-54.00,"","",""
West Palm Beach 771 Village Blvd,10/4/2026,B8ON1G3O,6IMYPNH4CZ,84.00,-7.50,"","","","","","","","","","",84.00,-54.00,-7.50,"",22.50
Wellington 13860 Wellington Trace,10/4/2026,AA6BTISS,PUBD86TQRG,54.00,"","","","","","","","","","","",54.00,-54.00,"","",""
Wellington 13860 Wellington Trace,10/4/2026,X8FQ3RVE,"","","","","","","","","",39.00,"","","",39.00,"","","",39.00
Wellington 13860 Wellington Trace,10/4/2026,4OBF5GX5,TR9F374DUW,78.00,-6.00,"","","","","","","","","","",78.00,-54.00,-6.00,"",18.00
Boynton Beach 1100 N Congress Ave,10/4/2026,9TTCIE8I,6Z58O3USS6,55.00,"","","","","","","","","","","",55.00,-55.00,"","",""
West Palm Beach 771 Village Blvd,10/4/2026,LQ9HKFWF,DNUE64QOMN,54.00,"","","","","","","","","","","",54.00,-54.00,"","",""
Lake Worth 8777 Hypoluxo Road,10/4/2026,KAARI8GR,"JUSLJO7RHM,704D6GAOUT",120.00,-3.00,"","","","","","","","","","",120.00,-108.00,-3.00,"",9.00
Wellington 13860 Wellington Trace,10/4/2026,LM3TDFO8,L9SLZSKKK8,66.00,-3.00,"","","","","","","","","","",66.00,-54.00,-3.00,"",9.00
West Palm Beach 771 Village Blvd,10/4/2026,O11T0QMC,MF9TFQTNKG,78.00,-6.00,"","","","","","","","","","",78.00,-54.00,-6.00,"",18.00
Lake Worth 8777 Hypoluxo Road,10/4/2026,CNF5C3DA,HE714IICZY,54.00,"","","","","","","","","","","",54.00,-54.00,"","",""
West Palm Beach 771 Village Blvd,10/4/2026,XZLRW8B6,V6UK9L4KSG,54.00,"","","","","","","","","","","",54.00,-54.00,"","",""
Wellington 13860 Wellington Trace,10/4/2026,OKJ1OAID,"","","","","","","","","",38.00,"","","",38.00,"","","",38.00
Wellington 13860 Wellington Trace,10/4/2026,GQE1KCOK,"","","","","","","","","",38.00,"","","",38.00,"","","",38.00
West Palm Beach 771 Village Blvd,10/4/2026,PP3TN0ME,"","","","","","","","","",35.00,"","","",35.00,"","","",35.00
Wellington 13860 Wellington Trace,10/4/2026,5C3TB4AH,0ERCALZ1TZ,84.00,-7.50,"","","","","","","","","","",84.00,-54.00,-7.50,"",22.50
West Palm Beach 771 Village Blvd,10/4/2026,7JRZZ9WX,"","","","","","","","","",29.00,"","","",29.00,"","","",29.00
Lake Worth 8777 Hypoluxo Road,10/4/2026,UOKRHXEC,CY3MP8OY84,130.00,-19.00,"","","","","","","","","","",130.00,-54.00,-19.00,"",57.00
Wellington 13860 Wellington Trace,10/4/2026,9NL9VLBZ,Q04YCREV4Z,138.00,-21.00,"","","","","","","","","","",138.00,-54.00,-21.00,"",63.00
Lake Worth 8777 Hypoluxo Road,10/4/2026,4OOPF4R2,SGKYNMAKNN,54.00,"","","","","","","","","","","",54.00,-54.00,"","",""
West Palm Beach 771 Village Blvd,10/4/2026,4FHMXT3M,F8S9RT1MG5,54.00,"","","","","","","","","","","",54.00,-54.00,"","",""
Lake Worth 8777 Hypoluxo Road,10/4/2026,5C1YEXWZ,3772K1JJ0J,54.00,"","","","","","","","","","","",54.00,-54.00,"","",""
Lake Worth 8777 Hypoluxo Road,10/4/2026,ZQ5464A9,7NPCR3SAEN,93.00,-9.75,"","","","","","","","","","",93.00,-54.00,-9.75,"",29.25
Lake Worth 8777 Hypoluxo Road,10/4/2026,IDPOALD7,QC9RXWP9ZG,54.00,"","","","","","","","","","","",54.00,-54.00,"","",""
Wellington 13860 Wellington Trace,10/4/2026,NGJRYJLT,4OADDW51SR,125.00,"","","","","","","","","","","",125.00,"","","",125.00
Wellington 13860 Wellington Trace,10/4/2026,DE3T5HWQ,J7TQ0HHAK6,174.00,"","","","","","","","","","","",174.00,"","","",174.00
Lake Worth 8777 Hypoluxo Road,10/4/2026,DL9ZJB8Z,UY6ROIQ7RC,84.00,-61.50,"","","","","","","","","","",84.00,"",-61.50,"",22.50
Lake Worth 8777 Hypoluxo Road,10/4/2026,LOJURLQS,"W074YQBK7N,BIU3G3KDT5",258.00,-37.50,"","","","","","","","","","",258.00,-108.00,-37.50,"",112.50
West Palm Beach 771 Village Blvd,10/4/2026,L6L6DADC,C9D11O47DZ,54.00,"",24.99,-6.25,"","","","","","","","",78.99,-54.00,-6.25,"",18.74
Boynton Beach 1100 N Congress Ave,10/4/2026,BFMY3OAV,652TVE6KPR,54.00,"","","","","","","","","","","",54.00,-54.00,"","",""
Wellington 13860 Wellington Trace,10/4/2026,UDGILDXB,EVS4CMPBHK,174.00,-30.00,"","","","","","","","","","",174.00,-54.00,-30.00,"",90.00
Lake Worth 8777 Hypoluxo Road,10/4/2026,69K0QMV3,"OGG2ME3J7K,CG1EBU7KNF",162.00,-13.50,"","","","","","","","","","",162.00,-108.00,-13.50,"",40.50
Boynton Beach 1100 N Congress Ave,10/4/2026,B71YSUGY,KOEQDJFKDZ,130.00,-19.00,"","","","","","",69.00,"","","",199.00,-54.00,-19.00,"",126.00
Wellington 13860 Wellington Trace,10/4/2026,5YWJRAC5,INAOP5LRWP,63.00,-2.25,"","","","","","","","","","",63.00,-54.00,-2.25,"",6.75
West Palm Beach 771 Village Blvd,10/4/2026,C4Q50ZPL,ZR7MI8AHIE,87.00,-8.25,"","","","","","","","","","",87.00,-54.00,-8.25,"",24.75
Wellington 13860 Wellington Trace,10/4/2026,O14KSU4I,"KZY2JFBP25,F4MZI86GBS",190.00,-43.00,"","","","","","","","","","",190.00,-108.00,-43.00,"",39.00
Wellington 13860 Wellington Trace,10/4/2026,FICYZZTA,"","","","","","","","","",65.00,"","","",65.00,"","","",65.00
West Palm Beach 771 Village Blvd,10/4/2026,UP8I5QEY,M0MMZRE2GI,63.00,-2.25,"","","","","","","","","","",63.00,-54.00,-2.25,"",6.75
Wellington 13860 Wellington Trace,10/4/2026,0IM5U6CO,Y3A9V8WNUT,63.00,-2.25,"","","","","","","","","","",63.00,-54.00,-2.25,"",6.75
Lake Worth 8777 Hypoluxo Road,10/4/2026,6JMUJVOD,YZ6JHN3LPZ,102.00,-12.00,"","","","","","","","","","",102.00,-54.00,-12.00,"",36.00
Boynton Beach 1100 N Congress Ave,10/4/2026,6E6HYI3U,EMPJRYH0QJ,54.00,"","","","","","","",69.00,"","","",123.00,-54.00,"","",69.00
Lake Worth 8777 Hypoluxo Road,10/4/2026,OVXS0P1G,8AG3UPPUA3,54.00,"","","","","","","","","","","",54.00,-54.00,"","",""
Boynton Beach 1100 N Congress Ave,10/4/2026,J2DVSNYU,TVE4KWRZEI,105.00,"","","","","","","","","","","",105.00,"","","",105.00
Lake Worth 8777 Hypoluxo Road,10/4/2026,L62WB6LW,"G2UP2HFYLO,LUB3ST8HXV",224.00,-29.00,"","","","","","","","","","",224.00,-108.00,-29.00,"",87.00
Wellington 13860 Wellington Trace,10/4/2026,BM03TASW,"CCNV0NQQKV,09WZYMWFDR",200.00,-36.50,"","","","","","","","","","",200.00,-54.00,-36.50,"",109.50
Lake Worth 8777 Hypoluxo Road,10/4/2026,YGINDFBS,"","","",39.99,-10.00,"","","","","","","","",39.99,"",-10.00,"",29.99
Wellington 13860 Wellington Trace,10/4/2026,GG63K6ZY,"ET29P9H7IR,6U75JWPOR7",108.00,"","","","","","","","","","","",108.00,-108.00,"","",""
Lake Worth 8777 Hypoluxo Road,10/4/2026,4Z57W82D,V86PMQM0IO,117.00,-15.75,"","","","","","","","","","",117.00,-54.00,-15.75,"",47.25
Lake Worth 8777 Hypoluxo Road,10/4/2026,W82S9LIS,EB4ZXS2578,75.00,"","","","","","","","","","","",75.00,"","","",75.00
Boynton Beach 1100 N Congress Ave,10/4/2026,MWX5NJS9,2784FGICE7,110.00,-15.00,13.99,"","","","","","","","","",123.99,"",-15.00,"",108.99
West Palm Beach 771 Village Blvd,10/4/2026,2HFUAUPE,G6UAC94K7F,75.00,-5.25,"","","","","","","","","","",75.00,-54.00,-5.25,"",15.75
Lake Worth 8777 Hypoluxo Road,10/4/2026,T8SYMTVS,"5IGVUUATT5,UMK9VSR5NH",108.00,-30.00,"","","","","","","","","","",108.00,"",-30.00,"",78.00
Wellington 13860 Wellington Trace,10/4/2026,AGUO0P0Q,"4BJX4DG19L,VVV7ZX0SWV",272.00,-30.00,29.99,"","","","","","","","","",301.99,"",-30.00,"",271.99
West Palm Beach 771 Village Blvd,10/4/2026,9L6VJKX5,58X99J1NTJ,66.00,-3.00,"","","","","","","","","","",66.00,-54.00,-3.00,"",9.00
Wellington 13860 Wellington Trace,10/4/2026,J8KNII59,QJQTDTLXJE,148.00,-23.50,"","","","","","","","","","",148.00,-54.00,-23.50,"",70.50
Boynton Beach 1100 N Congress Ave,10/4/2026,942AU992,O6RG5W3TH9,94.00,-10.00,"","","","","","","","","","",94.00,-54.00,-10.00,"",30.00
West Palm Beach 771 Village Blvd,10/4/2026,YX4Q2BH8,"","","","","","","","","",39.00,"","","",39.00,"","","",39.00
West Palm Beach 771 Village Blvd,10/4/2026,LEX9UNSZ,1Q3ERTEH61,63.00,-2.25,"","","","","","","","","","",63.00,-54.00,-2.25,"",6.75
West Palm Beach 771 Village Blvd,10/4/2026,FPYSJ31D,JZQTORI78I,125.00,"","","","","","","","","","","",125.00,"","","",125.00
Lake Worth 8777 Hypoluxo Road,10/4/2026,YVR8699H,JHKSY5F42K,82.00,-7.00,"","","","","","","","","","",82.00,-54.00,-7.00,"",21.00
Wellington 13860 Wellington Trace,10/4/2026,D2433VP3,B6I17YF34Q,54.00,"","","","","","","","","","","",54.00,-54.00,"","",""
West Palm Beach 771 Village Blvd,10/4/2026,5GCFFC9H,OJ57P6XD8U,"","","","","","","","","","","","","","","","",""
Lake Worth 8777 Hypoluxo Road,10/4/2026,P85W6XWL,CKPALIANDK,139.00,-21.25,"","","","","","","","","","",139.00,-54.00,-21.25,"",63.75
Boynton Beach 1100 N Congress Ave,10/4/2026,8QZ1PR6O,FG2U37PQ8N,114.00,-15.00,"","","","","","","","","","",114.00,-54.00,-15.00,"",45.00
Wellington 13860 Wellington Trace,10/4/2026,5R8088OM,CZ4JLVHIJG,"","","","","","","","","","","","","","","","",""
Lake Worth 8777 Hypoluxo Road,10/4/2026,P1TYYSOX,K5GW5F51W0,"","","","","","","","","","","","","","","","",""
Boynton Beach 1100 N Congress Ave,10/4/2026,FFVUP7CJ,1FXIUK6XDU,"","","","","","","","","","","","","","","","",""
Cooper City 10028 Griffin Rd,10/4/2026,R3APPDHT,"","","","","","","","","",58.00,"","","",58.00,"","","",58.00
West Palm Beach 771 Village Blvd,10/3/2026,YTIKID4B,RF05299DL2,54.00,"","","","","","","","","","","",54.00,-54.00,"","",""
Lake Worth 8777 Hypoluxo Road,10/3/2026,KPANSD5W,"SJFO9AWKZP,PTMFUO8YB2",192.00,-21.00,"","","","","","","","","","",192.00,-108.00,-21.00,"",63.00
Wellington 13860 Wellington Trace,10/3/2026,6TAC2BX3,D0BH4VG7QI,114.00,-15.00,"","","","","","","","","","",114.00,-54.00,-15.00,"",45.00
Boynton Beach 1100 N Congress Ave,10/3/2026,74SSYA5L,4G95LBQZXB,105.00,-12.75,"","","","","","","","","","",105.00,-54.00,-12.75,"",38.25
Lake Worth 8777 Hypoluxo Road,10/3/2026,2TYXZ820,DL4SNFEMQ5,90.00,-9.00,"","","","","","","","","","",90.00,-54.00,-9.00,"",27.00
West Palm Beach 771 Village Blvd,10/3/2026,TXXPFU2L,T7QZJI7BJ8,66.00,-3.00,"","","","","","","","","","",66.00,-54.00,-3.00,"",9.00
Lake Worth 8777 Hypoluxo Road,10/3/2026,CEY5YFDY,493VLLTZG8,126.00,-18.00,"","","","","","","","","","",126.00,-54.00,-18.00,"",54.00
Lake Worth 8777 Hypoluxo Road,10/3/2026,JZ2RREKA,9PJSZDCYEL,120.00,"","","","","","","","","","","",120.00,"","","",120.00
Lake Worth 8777 Hypoluxo Road,10/3/2026,OS3RIA58,T3BTNDWOX4,66.00,-3.00,"","","","","","","","","","",66.00,-54.00,-3.00,"",9.00
Boynton Beach 1100 N Congress Ave,10/3/2026,0SR5Q283,"HWEL156LPX,XYJW8FBHGT,V1V8GX00M9",271.00,-27.25,"","","","","","","","","","",271.00,-162.00,-27.25,"",81.75
West Palm Beach 771 Village Blvd,10/3/2026,YJRUL5Q4,2YFGOFDHR9,69.00,-3.75,"","","","","","","","","","",69.00,-54.00,-3.75,"",11.25
West Palm Beach 771 Village Blvd,10/3/2026,O4VB9X77,BC9XE3P12D,100.00,-11.50,"","","","","","","","","","",100.00,-54.00,-11.50,"",34.50
Boynton Beach 1100 N Congress Ave,10/3/2026,BN5MUWOJ,MK9UVSPJ0S,114.00,-15.00,"","","","","","","","","","",114.00,-54.00,-15.00,"",45.00
Lake Worth 8777 Hypoluxo Road,10/3/2026,7RVXZRRZ,"2AM23RHN18,I0UT8MWHKA",117.00,-2.25,"","","","","","","","","","",117.00,-108.00,-2.25,"",6.75
Lake Worth 8777 Hypoluxo Road,10/3/2026,PUE1EA16,EK8UVXKDQ1,94.00,-10.00,"","","","","","","","","","",94.00,-54.00,-10.00,"",30.00
Wellington 13860 Wellington Trace,10/3/2026,SVJVUS8O,1AMFW269ZH,118.00,-16.00,"","","","","","","","","","",118.00,-54.00,-16.00,"",48.00
Lake Worth 8777 Hypoluxo Road,10/3/2026,E7YJKTV7,PZS9Y1F7ZD,78.00,-6.00,"","","","","","","","","","",78.00,-54.00,-6.00,"",18.00
Wellington 13860 Wellington Trace,10/3/2026,7SZPKAL4,"HAZGQEALNE,9LJJ3A3K1D",204.00,-24.00,"","","","","","","","","","",204.00,-108.00,-24.00,"",72.00
Wellington 13860 Wellington Trace,10/3/2026,PLZR34LQ,OL1E5MP7RW,106.00,-22.00,"","","","","","","","","","",106.00,-54.00,-22.00,"",30.00
Wellington 13860 Wellington Trace,10/3/2026,NTZCOEXY,9A46TWYMAB,106.00,-13.00,"","","","","","","","","","",106.00,-54.00,-13.00,"",39.00
West Palm Beach 771 Village Blvd,10/3/2026,CGKH794H,AXLRXJPXCB,125.00,-24.50,"","","","","","","","","","",125.00,-54.00,-24.50,"",46.50
Wellington 13860 Wellington Trace,10/3/2026,867ZJ9LF,1M5AH02CA6,54.00,"","","","","","","","","","","",54.00,-54.00,"","",""
Boynton Beach 1100 N Congress Ave,10/3/2026,A8Z680WI,II3BKKKED1,63.00,-2.25,"","","","","","","","","","",63.00,-54.00,-2.25,"",6.75
Boynton Beach 1100 N Congress Ave,10/3/2026,IZK1S2JT,31NT64EUU1,66.00,-3.00,"","","","","","","","","","",66.00,-54.00,-3.00,"",9.00
Boynton Beach 1100 N Congress Ave,10/3/2026,PCMCGNFC,0MSDLDGMXW,54.00,"","","","","","","","","","","",54.00,-54.00,"","",""
Boynton Beach 1100 N Congress Ave,10/3/2026,SH4UTQ7J,"","","","","","","","","",45.00,"","","",45.00,"","","",45.00
Boynton Beach 1100 N Congress Ave,10/3/2026,7WQPNUW6,"","","","","","","","","",45.00,"","","",45.00,"","","",45.00
Boynton Beach 1100 N Congress Ave,10/3/2026,XCDRU1TA,"","","","","","","","","",35.00,"","","",35.00,"","","",35.00
West Palm Beach 771 Village Blvd,10/3/2026,FJ9PQQWW,"","","","","","","","","",25.00,"","","",25.00,"","","",25.00
Wellington 13860 Wellington Trace,10/3/2026,K1JCFKTC,"","","","","","","","","",30.00,"","","",30.00,"","","",30.00
Boynton Beach 1100 N Congress Ave,10/3/2026,QHXVMS5F,"","","","","","","","","",30.00,"","","",30.00,"","","",30.00
Wellington 13860 Wellington Trace,10/3/2026,DNY1NOT2,"","","","","","","","","",25.00,"","","",25.00,"","","",25.00
West Palm Beach 771 Village Blvd,10/3/2026,S8Z9WQO4,"","","","","","","","","",25.00,"","","",25.00,"","","",25.00
West Palm Beach 771 Village Blvd,10/3/2026,FRECA0RK,"","","","","","","","","",45.00,"","","",45.00,"","","",45.00
West Palm Beach 771 Village Blvd,10/3/2026,GADQNI60,"","","","","","","","","",29.00,"","","",29.00,"","","",29.00
Wellington 13860 Wellington Trace,10/3/2026,Q5PDZBV5,"","","","","","","","","",118.00,"","","",118.00,"","","",118.00
Lake Worth 8777 Hypoluxo Road,10/3/2026,9Y279QW7,"","","","","","","","","",65.00,"","","",65.00,"","","",65.00
West Palm Beach 771 Village Blvd,10/3/2026,PSSXA005,"","","","","","","","","",45.00,"","","",45.00,"","","",45.00
West Palm Beach 771 Village Blvd,10/3/2026,Q2UVBBST,"","","","","","","","","",28.00,"","","",28.00,"","","",28.00
West Palm Beach 771 Village Blvd,10/3/2026,EZO47DVL,"","","","","","","","","",28.00,"","","",28.00,"","","",28.00
Lake Worth 8777 Hypoluxo Road,10/3/2026,UWA6W6RI,"","","","","","","","","",116.00,"","","",116.00,"","","",116.00
West Palm Beach 771 Village Blvd,10/3/2026,11X4P0M8,9W4L7GX2H3,60.00,-1.50,"","","","","","","","","","",60.00,-54.00,-1.50,"",4.50
Wellington 13860 Wellington Trace,10/3/2026,Y4WUMKD9,D03PCEVKJ8,54.00,"","","","","","","","","","","",54.00,-54.00,"","",""
Lake Worth 8777 Hypoluxo Road,10/3/2026,WRV3CJJY,"G2C81W7OZA,P7BGEHDTLR",108.00,"","","","","","","","","","","",108.00,-108.00,"","",""
West Palm Beach 771 Village Blvd,10/3/2026,KTEVWXBM,6NM5QPYCVX,54.00,"","","","","","","","","","","",54.00,-54.00,"","",""
Lake Worth 8777 Hypoluxo Road,10/3/2026,U61GVVEJ,XHZS4OEEIO,66.00,-3.00,"","","","","","","","","","",66.00,-54.00,-3.00,"",9.00
West Palm Beach 771 Village Blvd,10/3/2026,CL07D9QP,SREUTZX3QI,60.00,-1.50,"","","","","","","","","","",60.00,-54.00,-1.50,"",4.50
Boynton Beach 1100 N Congress Ave,10/3/2026,8E85E287,V3GSAMFDYP,66.00,-3.00,"","","","","","","","","","",66.00,-54.00,-3.00,"",9.00
Boynton Beach 1100 N Congress Ave,10/3/2026,VO0A27AV,GVTKTNB3XB,78.00,-6.00,"","","","","","","","","","",78.00,-54.00,-6.00,"",18.00
Wellington 13860 Wellington Trace,10/3/2026,965PUN4J,IB1L86P36W,54.00,"","","","","","","","","","","",54.00,-54.00,"","",""
Lake Worth 8777 Hypoluxo Road,10/3/2026,0B46DU6D,VPTGLG2W2L,54.00,"","","","","","","","","","","",54.00,-54.00,"","",""
Boynton Beach 1100 N Congress Ave,10/3/2026,2WHJOSCG,MX86WE9BO6,60.00,-1.50,"","","","","","","","","","",60.00,-54.00,-1.50,"",4.50
Wellington 13860 Wellington Trace,10/3/2026,6DGOR2DP,"","","","","","","","","",49.00,"","","",49.00,"","","",49.00
Wellington 13860 Wellington Trace,10/3/2026,TRDNWXO1,"","","","","","","","","",28.00,"","","",28.00,"","","",28.00
Wellington 13860 Wellington Trace,10/3/2026,F5BYOONM,"","","","","","","","","",49.00,"","","",49.00,"","","",49.00
Wellington 13860 Wellington Trace,10/3/2026,3T91QLFQ,57WNLHDB20,78.00,-6.00,"","","","","","","","","","",78.00,-54.00,-6.00,"",18.00
Wellington 13860 Wellington Trace,10/3/2026,N86A5O36,7G75JCLUEE,54.00,"","","","","","","","","","","",54.00,-54.00,"","",""
Wellington 13860 Wellington Trace,10/3/2026,1J9ATMP1,D9XASUJVLH,54.00,"","","","","","","","","","","",54.00,-54.00,"","",""
Lake Worth 8777 Hypoluxo Road,10/3/2026,G6N13EB2,MM151XJN2A,63.00,-2.25,"","","","","","","","","","",63.00,-54.00,-2.25,"",6.75
Wellington 13860 Wellington Trace,10/3/2026,KPV6XZ0U,6QFXD8FBU8,106.00,-13.00,"","","","","","","","","","",106.00,-54.00,-13.00,"",39.00
West Palm Beach 771 Village Blvd,10/3/2026,JHUU85OK,"FYVKFEXYM8,G72TVQUKOC",108.00,"","","","","","","","","","","",108.00,-108.00,"","",""
Lake Worth 8777 Hypoluxo Road,10/3/2026,D10L4QV0,ZDBAJ6JWO3,134.00,"","","","","","","","","","","",134.00,"","","",134.00
Boynton Beach 1100 N Congress Ave,10/3/2026,6J5R3YAQ,BMRZCT9PGN,54.00,"","","","","","","","","","","",54.00,-54.00,"","",""
West Palm Beach 771 Village Blvd,10/3/2026,HMN2RUWV,"JG7GJOWSP9,D2EMW0961J",126.00,-4.50,"","","","","","","","","","",126.00,-108.00,-4.50,"",13.50
Wellington 13860 Wellington Trace,10/3/2026,932HFYJ7,FL0LS9LNK9,106.00,-13.00,"","","","","","","","","","",106.00,-54.00,-13.00,"",39.00
Lake Worth 8777 Hypoluxo Road,10/3/2026,8RQOUBEY,"UY6WOPHI8F,YDHXH7JFT1",262.00,-12.00,"","","","","","","","","","",262.00,-214.00,-12.00,"",36.00
Wellington 13860 Wellington Trace,10/3/2026,QZ69SR26,PW0RC1VU0X,66.00,-3.00,"","","","","","","","","","",66.00,-54.00,-3.00,"",9.00
Wellington 13860 Wellington Trace,10/3/2026,46JLXIAY,5FT1ZR88J5,54.00,"","","","","","","","","","","",54.00,-54.00,"","",""
Wellington 13860 Wellington Trace,10/3/2026,CJQH76GY,WSLRE2LA9P,75.00,-5.25,"","","","","","","","","","",75.00,-54.00,-5.25,"",15.75
Boynton Beach 1100 N Congress Ave,10/3/2026,1IKV57Y2,WGSKMKFGW4,54.00,"","","","","","","","","","","",54.00,-54.00,"","",""
West Palm Beach 771 Village Blvd,10/3/2026,IHULYD7K,"","","","","","","","","",28.00,"","","",28.00,"","","",28.00
Wellington 13860 Wellington Trace,10/3/2026,7GBBXZQL,"ETTVKLSPMG,71DF8NUJRO",114.00,-1.50,"","","","","","","","","","",114.00,-108.00,-1.50,"",4.50
West Palm Beach 771 Village Blvd,10/3/2026,N5W6NCPO,"","","","","","","","","",45.00,"","","",45.00,"","","",45.00
Lake Worth 8777 Hypoluxo Road,10/3/2026,KXENYR42,BNGKZMSYL7,27.00,"","","","","","","","","","","",27.00,"","","",27.00
Wellington 13860 Wellington Trace,10/3/2026,MXRP0MF8,MNNQ1I1485,130.00,-19.00,"","","","","","","","","","",130.00,-54.00,-19.00,"",57.00
West Palm Beach 771 Village Blvd,10/3/2026,IHY8I68A,L6K1G20DLO,63.00,-2.25,"","","","","","","","","","",63.00,-54.00,-2.25,"",6.75
Wellington 13860 Wellington Trace,10/3/2026,AIP3Y5JR,A7J0OYN67H,78.00,-6.00,"","","","","","",39.00,"","","",117.00,-54.00,-6.00,"",57.00
Wellington 13860 Wellington Trace,10/3/2026,LO2140S5,XTOIUBBTYH,54.00,"","","","","","","","","","","",54.00,-54.00,"","",""
Wellington 13860 Wellington Trace,10/3/2026,U1R3Q2DK,7D537DA8SL,102.00,-66.00,"","","","","","","","","","",102.00,"",-66.00,"",36.00
West Palm Beach 771 Village Blvd,10/3/2026,GAVUQ0TM,"","","","","","","","","",25.00,"","","",25.00,"","","",25.00
Lake Worth 8777 Hypoluxo Road,10/3/2026,SCGJCTDA,SF0I9QNGND,66.00,-3.00,"","","","","","","","","","",66.00,-54.00,-3.00,"",9.00
West Palm Beach 771 Village Blvd,10/3/2026,SONIZABZ,J5ZU0E4UVS,63.00,-15.00,"","","","","","","","","","",63.00,"",-15.00,"",48.00
Lake Worth 8777 Hypoluxo Road,10/3/2026,5UC5TGGC,IYJ5C1J0Z0,126.00,-18.00,"","","","","","","","","","",126.00,-54.00,-18.00,"",54.00
Lake Worth 8777 Hypoluxo Road,10/3/2026,YXP0T4OS,5MA0PPFDFS,63.00,-2.25,"","","","","","","","","","",63.00,-54.00,-2.25,"",6.75
Wellington 13860 Wellington Trace,10/3/2026,WVZQX945,"","","","","","","","","",45.00,"","","",45.00,"","","",45.00
Wellington 13860 Wellington Trace,10/3/2026,YNMIMCZG,"","","","","","","","","",45.00,"","","",45.00,"","","",45.00
West Palm Beach 771 Village Blvd,10/3/2026,JF176697,P0X3238U4D,63.00,-2.25,"","","","","","","","","","",63.00,-54.00,-2.25,"",6.75
West Palm Beach 771 Village Blvd,10/3/2026,FTN0P5ZW,4GW1TWUQX1,104.00,-12.50,"","","","","","","","","","",104.00,-54.00,-12.50,"",37.50
West Palm Beach 771 Village Blvd,10/3/2026,CSOARQSF,WAO2Y61AU9,122.00,-17.00,"","","","","","","","","","",122.00,-54.00,-17.00,"",51.00
Lake Worth 8777 Hypoluxo Road,10/3/2026,J22TVK9Q,V805SHUE04,122.00,"","","","","","","","","","","",122.00,"","","",122.00
Wellington 13860 Wellington Trace,10/3/2026,JG66L2Z0,NDVK7AUD4S,146.00,-23.00,"","","","","","","","","","",146.00,-54.00,-23.00,"",69.00
Lake Worth 8777 Hypoluxo Road,10/3/2026,AA4XXZ8X,8VNWHEYDPV,84.00,-7.50,"","","","","","","","","","",84.00,-54.00,-7.50,"",22.50
West Palm Beach 771 Village Blvd,10/3/2026,9RTEUCJM,APLR6YB5AW,110.00,-14.00,"","","","","","","","","","",110.00,-54.00,-14.00,"",42.00
West Palm Beach 771 Village Blvd,10/3/2026,VRWV88M2,L2N79RQEHN,54.00,-15.00,"","","","","","","","","","",54.00,"",-15.00,"",39.00
Lake Worth 8777 Hypoluxo Road,10/3/2026,9UZPL7LQ,SKGR7GJOSS,130.00,-19.00,"","","","","","","","","","",130.00,-54.00,-19.00,"",57.00
Lake Worth 8777 Hypoluxo Road,10/3/2026,BMROO87S,"","","","","","","","","",39.00,"","","",39.00,"","","",39.00
Lake Worth 8777 Hypoluxo Road,10/3/2026,C37TEYK1,S98LN61RIJ,134.00,-20.00,"","","","","","","","","","",134.00,-54.00,-20.00,"",60.00
West Palm Beach 771 Village Blvd,10/3/2026,PE8EEDAG,"3JIIPHP4AR,QSM2BSPRXN",188.00,-20.00,"","","","","","","","","","",188.00,-108.00,-20.00,"",60.00
Lake Worth 8777 Hypoluxo Road,10/3/2026,FUT9KOEY,EDZN3MYP04,106.00,-13.00,"","","","","","","","","","",106.00,-54.00,-13.00,"",39.00
West Palm Beach 771 Village Blvd,10/3/2026,UBG30SKD,LSLEPB0ZFK,54.00,"","","","","","","","","","","",54.00,-54.00,"","",""
Lake Worth 8777 Hypoluxo Road,10/3/2026,6NNR9TZY,OYXMJABEGX,54.00,-15.00,"","","","","","","","","","",54.00,"",-15.00,"",39.00
Boynton Beach 1100 N Congress Ave,10/3/2026,4R8SS52U,0MEZOWX8D6,"","","","","","","","","","","","","","","","",""
Lake Worth 8777 Hypoluxo Road,10/3/2026,GHKG4HUS,TZ4KBLJIFD,84.00,"","","","","","","","","","","",84.00,"","","",84.00
Wellington 13860 Wellington Trace,10/3/2026,PBY2B2AP,ACQRLPI2WP,112.00,-14.50,"","","","","","","","","","",112.00,-54.00,-14.50,"",43.50
West Palm Beach 771 Village Blvd,10/3/2026,P34FETC1,JUG81WNAFA,84.00,-7.50,"","","","","","","","","","",84.00,-54.00,-7.50,"",22.50
West Palm Beach 771 Village Blvd,10/3/2026,27HFEZXJ,08D36BMA2E,84.00,-7.50,"","","","","","","","","","",84.00,-54.00,-7.50,"",22.50
West Palm Beach 771 Village Blvd,10/3/2026,1U3FCDGC,"","","","","","","","","",45.00,"","","",45.00,"","","",45.00
West Palm Beach 771 Village Blvd,10/3/2026,OE0JYRA3,P74LMH752C,110.00,-14.00,"","","","","","","","","","",110.00,-54.00,-14.00,"",42.00
Cooper City 10028 Griffin Rd,10/3/2026,AJ7D7ZM4,"","","","","","","","","",38.00,"","","",38.00,"","","",38.00
Wellington 13860 Wellington Trace,10/3/2026,4SH99UYH,"1D9X1W03G6,CR7V4KZT0X",108.00,"","","","","","","","","","","",108.00,-108.00,"","",""
West Palm Beach 771 Village Blvd,10/3/2026,92SCEMD5,XCPW9QW6I8,54.00,"","","","","","","","","","","",54.00,-54.00,"","",""
Lake Worth 8777 Hypoluxo Road,10/3/2026,2VCFY5IF,7R3JRUOZQT,54.00,-15.00,"","","","","","","","","","",54.00,"",-15.00,"",39.00
Lake Worth 8777 Hypoluxo Road,10/3/2026,0SE5XW6V,4MH8J9T28R,54.00,"","","","","","","","","","","",54.00,-54.00,"","",""
Wellington 13860 Wellington Trace,10/3/2026,PL5X2ZY9,TEH7X764HN,125.00,"","","","","","","","","","","",125.00,"","","",125.00
Wellington 13860 Wellington Trace,10/3/2026,Q2D2CK1Q,XPV5A9D729,125.00,"","","","","","","","","","","",125.00,"","","",125.00
Wellington 13860 Wellington Trace,10/3/2026,BORRWFSL,"IM1837GNN5,UY47RQIR3T",108.00,"","","","","","","","","","","",108.00,-108.00,"","",""
West Palm Beach 771 Village Blvd,10/3/2026,NES755RY,4YWOGLZXKJ,94.00,-10.00,"","","","","","","","","","",94.00,-54.00,-10.00,"",30.00
Wellington 13860 Wellington Trace,10/3/2026,3E3IG3Y1,01UWX6EKVH,54.00,"","","","","","","","","","","",54.00,-54.00,"","",""
West Palm Beach 771 Village Blvd,10/3/2026,Z8DFCV6J,12WDC87R1Q,114.00,-30.00,"","","","","","","","","","",114.00,-54.00,-30.00,"",30.00
Wellington 13860 Wellington Trace,10/3/2026,RQ12WH3E,L4V2WFTB32,"","","","","","","","","","","","","","","","",""
Wellington 13860 Wellington Trace,10/3/2026,TIIY8B8L,HSCD91WG9L,121.00,-16.75,"","","","","","","","","","",121.00,-54.00,-16.75,"",50.25
West Palm Beach 771 Village Blvd,10/3/2026,S1VEEASG,WYU5AH7JTO,"","","","","","","","","","","","","","","","",""
Lake Worth 8777 Hypoluxo Road,10/3/2026,9R2CT1SH,SMIEMTJB1H,"","","","","","","","","","","","","","","","",""
Lake Worth 8777 Hypoluxo Road,10/2/2026,5SPU6NHO,GYPD7QX7ST,134.00,-50.75,"","","","","","","","","","",134.00,"",-50.75,"",83.25
Wellington 13860 Wellington Trace,10/2/2026,U3WDLK58,VIL6Y1E27W,74.00,-5.00,"","","","","","","","","","",74.00,-54.00,-5.00,"",15.00
West Palm Beach 771 Village Blvd,10/2/2026,5UT66HWF,Z5SWU9STGV,103.00,-19.00,24.99,-2.50,"","","","","","","","",127.99,-54.00,-21.50,"",52.49
Wellington 13860 Wellington Trace,10/2/2026,OGZKQTIC,"IS577I2JFB,F5STXLK3D5",142.00,-20.50,"","","","","","","","","","",142.00,-108.00,-20.50,"",13.50
Lake Worth 8777 Hypoluxo Road,10/2/2026,R4ASXP6M,E7XJBC2KJP,54.00,"","","","","","","","","","","",54.00,-54.00,"","",""
West Palm Beach 771 Village Blvd,10/2/2026,3NOCK1S8,4ZMVLKOF8O,142.00,-22.00,24.99,-2.50,"","","","","","","","",166.99,-54.00,-24.50,"",88.49
Boynton Beach 1100 N Congress Ave,10/2/2026,R67BZC80,1PDEJ534E3,130.00,"","","","","","","","","","","",130.00,"","","",130.00
Wellington 13860 Wellington Trace,10/2/2026,79EAZOCO,"X4DCYO1K5A,8J3YTY6ZMD",290.00,-45.50,"","","","","","",138.00,"","","",428.00,-108.00,-45.50,"",274.50
West Palm Beach 771 Village Blvd,10/2/2026,JL0EAD2K,VT3YLETIW6,94.00,-10.00,"","","","","","","","","","",94.00,-54.00,-10.00,"",30.00
Lake Worth 8777 Hypoluxo Road,10/2/2026,CML7JNTD,NO1MY1NJAP,146.00,-23.00,"","","","","","","","","","",146.00,-54.00,-23.00,"",69.00
West Palm Beach 771 Village Blvd,10/2/2026,7JUCLDMI,6HDH3M482E,160.00,"","","","","","","","","","","",160.00,-160.00,"","",""
West Palm Beach 771 Village Blvd,10/2/2026,PQ00K8YQ,"","","","","","","","","",35.00,"","","",35.00,"","","",35.00
Wellington 13860 Wellington Trace,10/2/2026,JZSOXYDZ,"","","","","","","","","",25.00,"","","",25.00,"","","",25.00
West Palm Beach 771 Village Blvd,10/2/2026,842FXU7R,"","","","","","","","","",30.00,"","","",30.00,"","","",30.00
Boynton Beach 1100 N Congress Ave,10/2/2026,JSGQ1WKC,"","","","","","","","","",45.00,"","","",45.00,"","","",45.00
Boynton Beach 1100 N Congress Ave,10/2/2026,MBC3U95T,"","","","","","","","","",25.00,"","","",25.00,"","","",25.00
West Palm Beach 771 Village Blvd,10/2/2026,SCNTEL58,"","","","","","","","","",45.00,"","","",45.00,"","","",45.00
Lake Worth 8777 Hypoluxo Road,10/2/2026,6GM377H6,"","","","","","","","","",49.00,"","","",49.00,"","","",49.00
Lake Worth 8777 Hypoluxo Road,10/2/2026,YQ5R6K03,"","","","","","","","","",130.00,"","","",130.00,"","","",130.00
Wellington 13860 Wellington Trace,10/2/2026,XL5QUKNU,"","","","","","","","","",65.00,"","","",65.00,"","","",65.00
Boynton Beach 1100 N Congress Ave,10/2/2026,FTGUBN05,"","","","","","","","","",65.00,"","","",65.00,"","","",65.00
Boynton Beach 1100 N Congress Ave,10/2/2026,H1CH97S7,"","","","","","","","","",65.00,"","","",65.00,"","","",65.00
Wellington 13860 Wellington Trace,10/2/2026,E3CKGTBU,"","","","","","","","","",69.00,"","","",69.00,"","","",69.00
Wellington 13860 Wellington Trace,10/2/2026,TRJ90II4,"","","","","","","","","",58.00,"","","",58.00,"","","",58.00
Wellington 13860 Wellington Trace,10/2/2026,A413A26S,"","","","","","","","","",28.00,"","","",28.00,"","","",28.00
Wellington 13860 Wellington Trace,10/2/2026,4A86J8QD,"","","","","","","","","",28.00,"","","",28.00,"","","",28.00
Cooper City 10028 Griffin Rd,10/2/2026,IC6C282P,"","","","","","","","","",58.00,"","","",58.00,"","","",58.00
Wellington 13860 Wellington Trace,10/2/2026,TJXOXDXW,PW14MBPBXA,126.00,-18.00,"","","","","","","","","","",126.00,-54.00,-18.00,"",54.00
West Palm Beach 771 Village Blvd,10/2/2026,K0WSY63D,"8WQNZUE3T9,8H4D8N7VF7",340.00,-58.00,"","","","","","","","","","",340.00,-108.00,-58.00,"",174.00
Wellington 13860 Wellington Trace,10/2/2026,WGQQBU7H,"6UJFU45FMD,5CV8TTZPZJ",108.00,"","","","","","","","","","","",108.00,-108.00,"","",""
Lake Worth 8777 Hypoluxo Road,10/2/2026,WP5TDO2C,"77Z49E9TIF,NLI6XHM7ZU",120.00,-3.00,"","","","","","","","","","",120.00,-108.00,-3.00,"",9.00
West Palm Beach 771 Village Blvd,10/2/2026,LCGJK8N9,"","","","","","","","","",45.00,"","","",45.00,"","","",45.00
Lake Worth 8777 Hypoluxo Road,10/2/2026,2GTL0CCW,X8JT0LVU9U,90.00,-9.00,"","","","","","","","","","",90.00,-54.00,-9.00,"",27.00
Lake Worth 8777 Hypoluxo Road,10/2/2026,H1VK5XRE,FA51BHKXQ7,125.00,"","","","","","","","","","","",125.00,"","","",125.00
Wellington 13860 Wellington Trace,10/2/2026,DOY18DEJ,"","","","","","","","","",39.00,"","","",39.00,"","","",39.00
Lake Worth 8777 Hypoluxo Road,10/2/2026,OWOISJV3,"","","",26.99,-2.70,"","","","","","","","",26.99,"",-2.70,"",24.29
Boynton Beach 1100 N Congress Ave,10/2/2026,5OIQ1RG7,"PTBNJ7BP4I,ZTS6RROIJQ",176.00,-17.00,"","","","","","","","","","",176.00,-108.00,-17.00,"",51.00
Wellington 13860 Wellington Trace,10/2/2026,PIS3ENC6,"","","","","","","","","",29.00,"","","",29.00,"","","",29.00
West Palm Beach 771 Village Blvd,10/2/2026,8MAX4XYQ,"","","","","","","","","",35.00,"","","",35.00,"","","",35.00
Lake Worth 8777 Hypoluxo Road,10/2/2026,UTG3HNIY,"","","","","","","","","",35.00,"","","",35.00,"","","",35.00
West Palm Beach 771 Village Blvd,10/2/2026,2IBLWZ1M,"","","","","","","","","",28.00,"","","",28.00,"","","",28.00
Boynton Beach 1100 N Congress Ave,10/2/2026,F06NLDG3,"","","","","","","","","",76.00,"","","",76.00,"","","",76.00
Boynton Beach 1100 N Congress Ave,10/2/2026,LI1HHRE5,P34QP5CYCJ,90.00,-9.00,"","","","","","","","","","",90.00,-54.00,-9.00,"",27.00
Wellington 13860 Wellington Trace,10/2/2026,LI3Y84PL,KTDWAED2N9,94.00,-10.00,"","","","","","","","","","",94.00,-54.00,-10.00,"",30.00
Lake Worth 8777 Hypoluxo Road,10/2/2026,G2FCQFC5,K3V34L8CYH,124.00,-17.50,"","","","","","","","","","",124.00,-54.00,-17.50,"",52.50
Wellington 13860 Wellington Trace,10/2/2026,SL6QYTOE,XXMGEUTJHJ,50.00,-11.00,"","","","","","","","","","",50.00,"",-11.00,"",39.00
West Palm Beach 771 Village Blvd,10/2/2026,DZ6NZLXB,Z8QO7KVS9L,54.00,"","","","","","","","","","","",54.00,-54.00,"","",""
Wellington 13860 Wellington Trace,10/2/2026,5K205XDJ,UY6VGZ5ZVK,145.00,-22.75,"","","","","","","","","","",145.00,-54.00,-22.75,"",68.25
Wellington 13860 Wellington Trace,10/2/2026,RBVJ29HK,"","","","","","","","","",35.00,"","","",35.00,"","","",35.00
Wellington 13860 Wellington Trace,10/2/2026,QGDEQGGT,K19EW39KN9,109.00,-13.75,"","","","","","","","","","",109.00,-54.00,-13.75,"",41.25
West Palm Beach 771 Village Blvd,10/2/2026,ORTLUJ12,AG79T486XC,54.00,"","","","","","","","","","","",54.00,"","","",54.00
Boynton Beach 1100 N Congress Ave,10/2/2026,RFTNKGN4,"R0H99JWJ1T,OJXFKCA4K0",190.00,-13.00,"","","","","","","","","","",190.00,-54.00,-13.00,"",123.00
Lake Worth 8777 Hypoluxo Road,10/2/2026,PF3P8CAO,YOBNTHZCHM,110.00,-15.00,"","","","","","","","","","",110.00,"",-15.00,"",95.00
Boynton Beach 1100 N Congress Ave,10/2/2026,WTI9L7OC,"","","","","","","","","",45.03,"","","",45.03,"","","",45.03
West Palm Beach 771 Village Blvd,10/2/2026,FJK7D18P,"","","","","","","","","",39.00,"","","",39.00,"","","",39.00
West Palm Beach 771 Village Blvd,10/2/2026,X39XBURW,43QCNB4EH5,125.00,"","","","","","","","","","","",125.00,"","","",125.00
Boynton Beach 1100 N Congress Ave,10/2/2026,3V339ZG1,ASC0SGW4G3,63.00,-15.00,"","","","","","","","","","",63.00,"",-15.00,"",48.00
Boynton Beach 1100 N Congress Ave,10/2/2026,TAX1K5ZT,"VSSWLQTP72,TNCKFMA35L",117.00,-2.25,"","","","","","","","","","",117.00,-108.00,-2.25,"",6.75
Wellington 13860 Wellington Trace,10/2/2026,A0OROG5R,BD1MZRQYHQ,54.00,"","","","","","","","","","","",54.00,-54.00,"","",""
Wellington 13860 Wellington Trace,10/2/2026,MKZY4JLK,BF4NOIZFZG,18.00,"","","","","","","","","","","",18.00,"","","",18.00
Boynton Beach 1100 N Congress Ave,10/2/2026,366U0N6Y,"","","","","","","","","",29.00,"","","",29.00,"","","",29.00
Boynton Beach 1100 N Congress Ave,10/2/2026,6W5FY23N,"","","","","","","","","",39.00,"","","",39.00,"","","",39.00
West Palm Beach 771 Village Blvd,10/2/2026,LFZSBS45,"2UZMIDJDMB,8YJ15BGYZD,IAJKARV9EE",225.00,-15.00,"","","","","","","","","","",225.00,-165.00,-15.00,"",45.00
Boynton Beach 1100 N Congress Ave,10/2/2026,B1ERVJ6W,H5HIBHRERD,54.00,"","","","","","","","","","","",54.00,-54.00,"","",""
West Palm Beach 771 Village Blvd,10/2/2026,DL5T96KA,"","","","","","","","","",56.00,"","","",56.00,"","","",56.00
West Palm Beach 771 Village Blvd,10/2/2026,S87UBT67,"","","","","","","","","",28.00,"","","",28.00,"","","",28.00
Lake Worth 8777 Hypoluxo Road,10/2/2026,EWT88LVK,"","","","","","","","","",39.00,"","","",39.00,"","","",39.00
Wellington 13860 Wellington Trace,10/2/2026,0E93E6M0,"","","","","","","","","",39.00,"","","",39.00,"","","",39.00
West Palm Beach 771 Village Blvd,10/2/2026,F9H1UL9B,H17WQF2ISZ,106.00,-13.00,"","","","","","","","","","",106.00,-54.00,-13.00,"",39.00
Lake Worth 8777 Hypoluxo Road,10/2/2026,BER7S93N,FO5AKFBX7Y,158.00,"","","","","","","","","","","",158.00,"","","",158.00
Lake Worth 8777 Hypoluxo Road,10/2/2026,6QR3E7FI,OWD30W69VZ,27.00,-6.75,"","","","","","","","","","",27.00,"",-6.75,"",20.25
Wellington 13860 Wellington Trace,10/2/2026,LS8XPVQ2,PZ68Z3PQI4,63.00,-2.25,"","","","","","","","","","",63.00,-54.00,-2.25,"",6.75
Wellington 13860 Wellington Trace,10/2/2026,6WDDEODQ,"EHN8CUZNT7,L1L1WYEKYV",150.00,-30.00,"","","","","","","","","","",150.00,"",-30.00,"",120.00
Cooper City 10028 Griffin Rd,10/2/2026,O63Z16F5,"","","","","","","","","",28.00,-28.00,"","",28.00,"",-28.00,"",""
Wellington 13860 Wellington Trace,10/2/2026,9MH5H1BT,DA0W0BAUH7,115.00,-15.25,"","","","","","","","","","",115.00,-54.00,-15.25,"",45.75
Boynton Beach 1100 N Congress Ave,10/2/2026,3YZPXB8D,RB9RLA79W2,63.00,-2.25,"","","","","","","","","","",63.00,-54.00,-2.25,"",6.75
Boynton Beach 1100 N Congress Ave,10/2/2026,M6CF6C03,NC6RCWRYDO,54.00,"","","","","","","","","","","",54.00,-54.00,"","",""
Cooper City 10028 Griffin Rd,10/2/2026,SONYJLPG,"","","","","","","","","",28.00,-28.00,"","",28.00,"",-28.00,"",""
Wellington 13860 Wellington Trace,10/2/2026,OQHVW4VH,E9OZJ712T5,90.00,-9.00,"","","","","","","","","","",90.00,-54.00,-9.00,"",27.00
Lake Worth 8777 Hypoluxo Road,10/2/2026,JX0RR9S4,"","","","","","","","","",29.00,"","","",29.00,"","","",29.00
Lake Worth 8777 Hypoluxo Road,10/2/2026,LU0QTJYI,"","","","","","","","","",29.00,"","","",29.00,"","","",29.00
West Palm Beach 771 Village Blvd,10/2/2026,EHFBUO5Q,GLKVTSCXMI,66.00,-3.00,"","","","","","","","","","",66.00,-54.00,-3.00,"",9.00
Cooper City 10028 Griffin Rd,10/2/2026,1AU1QMBB,"","","","","","","","","",28.00,"","","",28.00,"","","",28.00
Wellington 13860 Wellington Trace,10/2/2026,TSK09DZB,AG5TQ4O93Q,54.00,"","","","","","","","","","","",54.00,-54.00,"","",""
Wellington 13860 Wellington Trace,10/2/2026,UVSZS7YJ,"T5OBR67Y7P,OE3J6R83TR",108.00,"","","","","","","","","","","",108.00,-108.00,"","",""
Lake Worth 8777 Hypoluxo Road,10/2/2026,TSHA0QNP,"","","","","","","","","",35.00,"","","",35.00,"","","",35.00
West Palm Beach 771 Village Blvd,10/2/2026,AGFW684G,4W843DX1BM,114.00,-15.00,"","","","","","","","","","",114.00,-54.00,-15.00,"",45.00
Lake Worth 8777 Hypoluxo Road,10/2/2026,0SYY8KB9,"UAB9DNFCPZ,95G0ITYQOB",194.00,-21.50,"","","","","","","","","","",194.00,-108.00,-21.50,"",64.50
Wellington 13860 Wellington Trace,10/2/2026,GGVJPALJ,LDY4XQBWE8,63.00,-2.25,"","","","","","","","","","",63.00,-54.00,-2.25,"",6.75
Boynton Beach 1100 N Congress Ave,10/2/2026,1APOJTAI,7CHT4UTADD,"","","","","","","","","","","","","","","","",""
Lake Worth 8777 Hypoluxo Road,10/2/2026,FRLOSEO2,"","","",15.00,"","","","","","","","","",15.00,"","","",15.00
Lake Worth 8777 Hypoluxo Road,10/2/2026,KUGQBTBB,"6WF6TC153I,CW8M7SM064",108.00,"","","","","","","","","","","",108.00,-108.00,"","",""
West Palm Beach 771 Village Blvd,10/2/2026,UF1LPPMR,P2EBD2WZPZ,18.00,"","","","","","","","","","","",18.00,"","","",18.00
West Palm Beach 771 Village Blvd,10/2/2026,LSRPSJ3D,YHAOGDPSXC,"","","","","","","","","","","","","","","","",""
Lake Worth 8777 Hypoluxo Road,10/2/2026,8U0L1VMV,H11II8VBTW,"","","","","","","","","","","","","","","","",""
Cooper City 10028 Griffin Rd,10/2/2026,Y047FIRX,"","","","","","","","","",38.00,"","","",38.00,"","","",38.00
Wellington 13860 Wellington Trace,10/2/2026,A7WSK1ZD,SMWE0SW0VV,126.00,-25.50,"","","","","","",69.00,"","","",195.00,-54.00,-25.50,"",115.50
Boynton Beach 1100 N Congress Ave,10/1/2026,AVQOFTJR,8Q2LNRT627,69.00,-3.75,"","","","","","","","","","",69.00,-54.00,-3.75,"",11.25
Wellington 13860 Wellington Trace,10/1/2026,MI1ETE6H,BZK26NM10Q,"","","","","","","","","","","","","","","",-18.00,-18.00
Wellington 13860 Wellington Trace,10/1/2026,IC2EN86Y,878SAN1WQA,"","","","","","","","","","","","","","","",-18.00,-18.00
Boynton Beach 1100 N Congress Ave,10/1/2026,PAN5MJW8,6XQLRA0LSU,"","","","","","","","","","","","","","","",-111.00,-111.00
Wellington 13860 Wellington Trace,10/1/2026,UK12GWYN,"84QHACLCJL,0FDSOM8MSL",108.00,"","","","","","","","","","","",108.00,-108.00,"","",""
Boynton Beach 1100 N Congress Ave,10/1/2026,D0SICZHL,5M04P5I5AH,114.00,-11.00,"","","","","","","","","","",114.00,"",-11.00,"",103.00
Wellington 13860 Wellington Trace,10/1/2026,UEQAYBUX,OIAFIF4X6J,102.00,-12.00,"","","","","","","","","","",102.00,-54.00,-12.00,"",36.00
Wellington 13860 Wellington Trace,10/1/2026,AIDFD6FL,DVW14AQAQ3,174.00,"","","","","","","","","","","",174.00,"","","",174.00
Boynton Beach 1100 N Congress Ave,10/1/2026,EJLVJBZN,SX5A6S48VJ,50.00,-11.00,"","","","","","","","","","",50.00,"",-11.00,"",39.00
Wellington 13860 Wellington Trace,10/1/2026,3WB2ZFYE,XSHWJ2LNRM,102.00,-12.00,"","","","","","","","","","",102.00,-54.00,-12.00,"",36.00
Lake Worth 8777 Hypoluxo Road,10/1/2026,GN3I4NKY,"ROUIX8I7D6,YZS3HR1TW5",170.00,-15.50,"","","","","","","","","","",170.00,-108.00,-15.50,"",46.50
Wellington 13860 Wellington Trace,10/1/2026,TPTV3QCZ,MWIZL745QD,126.00,-18.00,"","","","","","","","","","",126.00,-54.00,-18.00,"",54.00
Wellington 13860 Wellington Trace,10/1/2026,C0YLLXGP,VXIJQ2AI5R,132.00,-33.00,"","","","","","","","","","",132.00,-54.00,-33.00,"",45.00
Wellington 13860 Wellington Trace,10/1/2026,TI2449R9,DTO8GS93WY,54.00,-54.00,"","","","","","","","","","",54.00,"",-54.00,"",""
Lake Worth 8777 Hypoluxo Road,10/1/2026,8YY7G00P,PB5YJLHDSW,216.00,-40.50,"","","","","","","","","","",216.00,-54.00,-40.50,"",121.50
Wellington 13860 Wellington Trace,10/1/2026,66IHBXY5,"","","","","","","","","",25.00,"","","",25.00,"","","",25.00
Wellington 13860 Wellington Trace,10/1/2026,XLTNBUAU,"","","","","","","","","",39.00,"","","",39.00,"","",-39.00,""
Wellington 13860 Wellington Trace,10/1/2026,NAI46S9T,"","","","","","","","","",35.00,"","","",35.00,"","","",35.00
Wellington 13860 Wellington Trace,10/1/2026,TCGKT1M8,"","","","","","","","","",45.00,"","","",45.00,"","","",45.00
West Palm Beach 771 Village Blvd,10/1/2026,UF503I6U,"","","","","","","","","",45.00,"","","",45.00,"","","",45.00
Wellington 13860 Wellington Trace,10/1/2026,W05ET8F4,"","","","","","","","","",45.00,"","","",45.00,"","","",45.00
West Palm Beach 771 Village Blvd,10/1/2026,LLCNZKC5,"","","","","","","","","",35.00,"","","",35.00,"","","",35.00
West Palm Beach 771 Village Blvd,10/1/2026,E1H1G6DB,"","","","","","","","","",35.00,"","","",35.00,"","","",35.00
Wellington 13860 Wellington Trace,10/1/2026,8AFQCMB4,"","","","","","","","","",35.00,"","","",35.00,"","","",35.00
Wellington 13860 Wellington Trace,10/1/2026,BMTL1OFS,"","","","","","","","","",49.00,"","","",49.00,"","","",49.00
Wellington 13860 Wellington Trace,10/1/2026,IO9GSZWV,"","","","","","","","","",49.00,"","","",49.00,"","","",49.00
Wellington 13860 Wellington Trace,10/1/2026,8APCZ98P,"","","","","","","","","",39.00,"","","",39.00,"","","",39.00
West Palm Beach 771 Village Blvd,10/1/2026,9M3UK0RX,"","","","","","","","","",49.00,"","","",49.00,"","","",49.00
Wellington 13860 Wellington Trace,10/1/2026,54PL754A,"","","","","","","","","",39.00,"","","",39.00,"","","",39.00
West Palm Beach 771 Village Blvd,10/1/2026,2W8P2XZK,"","","","","","","","","",39.00,"","","",39.00,"","","",39.00
Wellington 13860 Wellington Trace,10/1/2026,4Z45GDL1,"","","","","","","","","",49.00,"","","",49.00,"","",-49.00,""
Wellington 13860 Wellington Trace,10/1/2026,ZE10VV14,"","","","","","","","","",38.00,"","","",38.00,"","","",38.00
Wellington 13860 Wellington Trace,10/1/2026,CPI096WF,"","","","","","","","","",38.00,"","","",38.00,"","","",38.00
Wellington 13860 Wellington Trace,10/1/2026,1IFDAI6T,"","","","","","","","","",38.00,"","","",38.00,"","","",38.00
Boynton Beach 1100 N Congress Ave,10/1/2026,RFMRRW0P,"","","","","","","","","",28.00,"","","",28.00,"","","",28.00
Boynton Beach 1100 N Congress Ave,10/1/2026,MBQQ895C,"","","","","","","","","",28.00,"","","",28.00,"","","",28.00
West Palm Beach 771 Village Blvd,10/1/2026,3LEY29FH,"","","","","","","","","",28.00,"","","",28.00,"","","",28.00
West Palm Beach 771 Village Blvd,10/1/2026,VM3E2OXT,"","","","","","","","","",25.00,"","","",25.00,"","","",25.00
West Palm Beach 771 Village Blvd,10/1/2026,VMV2N1ZA,"","","","","","","","","",25.00,"","","",25.00,"","","",25.00
Boynton Beach 1100 N Congress Ave,10/1/2026,Q7W3HA5Z,"","","","","","","","","",25.00,"","","",25.00,"","","",25.00
Boynton Beach 1100 N Congress Ave,10/1/2026,7254CG59,"","","","","","","","","",25.00,"","","",25.00,"","","",25.00
Wellington 13860 Wellington Trace,10/1/2026,S9W41P1B,"","","","","","","","","",64.00,"","","",64.00,"","","",64.00
Wellington 13860 Wellington Trace,10/1/2026,JOZ7JLG8,"","","","","","","","","",45.00,"","","",45.00,"","","",45.00
West Palm Beach 771 Village Blvd,10/1/2026,XWKEXVZE,"","","","","","","","","",25.00,"","","",25.00,"","","",25.00
Boynton Beach 1100 N Congress Ave,10/1/2026,LE7B065I,"","","","","","","","","",54.00,"","","",54.00,"","","",54.00
Boynton Beach 1100 N Congress Ave,10/1/2026,GRT59757,"","","","","","","","","",25.00,"","","",25.00,"","","",25.00
Wellington 13860 Wellington Trace,10/1/2026,P19D1TN2,"","","","","","","","","",54.00,"","","",54.00,"","","",54.00
Boynton Beach 1100 N Congress Ave,10/1/2026,2D2LLC78,"","","","","","","","","",50.00,"","","",50.00,"","","",50.00
Wellington 13860 Wellington Trace,10/1/2026,W2B2PU22,"","","","","","","","","",54.00,"","","",54.00,"","","",54.00
Wellington 13860 Wellington Trace,10/1/2026,X73E2YH2,"","","","","","","","","",25.00,"","","",25.00,"","","",25.00
West Palm Beach 771 Village Blvd,10/1/2026,MW7WEXP6,"","","","","","","","","",35.00,"","","",35.00,"","","",35.00
Lake Worth 8777 Hypoluxo Road,10/1/2026,U0E9837N,"","","","","","","","","",45.00,"","","",45.00,"","","",45.00
Lake Worth 8777 Hypoluxo Road,10/1/2026,PVW5BA4H,"","","","","","","","","",54.00,"","","",54.00,"","","",54.00
Lake Worth 8777 Hypoluxo Road,10/1/2026,YWYTQOFG,"","","","","","","","","",60.00,"","","",60.00,"","","",60.00
Boynton Beach 1100 N Congress Ave,10/1/2026,7QS9FFYG,"","","","","","","","","",25.00,"","","",25.00,"","","",25.00
West Palm Beach 771 Village Blvd,10/1/2026,QP7D967M,"","","","","","","","","",25.00,"","","",25.00,"","","",25.00
West Palm Beach 771 Village Blvd,10/1/2026,16XQNT8C,"","","","","","","","","",25.00,"","","",25.00,"","","",25.00
Boynton Beach 1100 N Congress Ave,10/1/2026,9CUEF9GZ,"","","","","","","","","",50.00,"","","",50.00,"","","",50.00
Wellington 13860 Wellington Trace,10/1/2026,UQPE9BHO,"","","","","","","","","",50.00,"","","",50.00,"","","",50.00
Lake Worth 8777 Hypoluxo Road,10/1/2026,RH28Z1I7,"","","","","","","","","",25.00,"","","",25.00,"","","",25.00
West Palm Beach 771 Village Blvd,10/1/2026,PODVO0V2,"","","","","","","","","",25.00,"","","",25.00,"","","",25.00
Boynton Beach 1100 N Congress Ave,10/1/2026,ASYAZD7A,"","","","","","","","","",64.00,"","","",64.00,"","","",64.00
Boynton Beach 1100 N Congress Ave,10/1/2026,2BK9FRKO,"","","","","","","","","",25.00,"","","",25.00,"","","",25.00
West Palm Beach 771 Village Blvd,10/1/2026,GLC7BZWL,"","","","","","","","","",25.00,"","","",25.00,"","","",25.00
Lake Worth 8777 Hypoluxo Road,10/1/2026,Q47856B5,"","","","","","","","","",25.00,"","","",25.00,"","","",25.00
Wellington 13860 Wellington Trace,10/1/2026,ZMOUY9TQ,"","","","","","","","","",25.00,"","","",25.00,"","","",25.00
Boynton Beach 1100 N Congress Ave,10/1/2026,4PNQZZQO,"","","","","","","","","",45.00,"","","",45.00,"","","",45.00
Lake Worth 8777 Hypoluxo Road,10/1/2026,SPGCC4RX,"","","","","","","","","",45.00,"","","",45.00,"","","",45.00
Boynton Beach 1100 N Congress Ave,10/1/2026,2S0TOSC1,"","","","","","","","","",45.00,"","","",45.00,"","","",45.00
Lake Worth 8777 Hypoluxo Road,10/1/2026,X82NM2L2,"","","","","","","","","",25.00,"","","",25.00,"","","",25.00
Wellington 13860 Wellington Trace,10/1/2026,Y0ZJ2SF1,"","","","","","","","","",63.00,"","","",63.00,"","","",63.00
West Palm Beach 771 Village Blvd,10/1/2026,POHZZHIV,"","","","","","","","","",35.00,"","","",35.00,"","","",35.00
Boynton Beach 1100 N Congress Ave,10/1/2026,DK6UCW9F,"","","","","","","","","",25.00,"","","",25.00,"","","",25.00
West Palm Beach 771 Village Blvd,10/1/2026,CNNY8M6X,"","","","","","","","","",25.00,"","","",25.00,"","","",25.00
West Palm Beach 771 Village Blvd,10/1/2026,GI5AVY48,"","","","","","","","","",25.00,"","","",25.00,"","","",25.00
Wellington 13860 Wellington Trace,10/1/2026,8IH7W2WU,"","","","","","","","","",78.00,"","","",78.00,"","","",78.00
Boynton Beach 1100 N Congress Ave,10/1/2026,TUX0PTHR,"","","","","","","","","",25.00,"","","",25.00,"","","",25.00
West Palm Beach 771 Village Blvd,10/1/2026,INXH9E8P,"","","","","","","","","",25.00,"","","",25.00,"","","",25.00
West Palm Beach 771 Village Blvd,10/1/2026,3SGJTLL2,"","","","","","","","","",60.00,"","","",60.00,"","","",60.00
Boynton Beach 1100 N Congress Ave,10/1/2026,UPX6UNXH,"","","","","","","","","",25.00,"","","",25.00,"","","",25.00
Wellington 13860 Wellington Trace,10/1/2026,Y82BSXEC,"","","","","","","","","",25.00,"","","",25.00,"","","",25.00
Lake Worth 8777 Hypoluxo Road,10/1/2026,4W190DDX,"","","","","","","","","",25.00,"","","",25.00,"","","",25.00
Lake Worth 8777 Hypoluxo Road,10/1/2026,TKO240M6,"","","","","","","","","",25.00,"","","",25.00,"","","",25.00
Wellington 13860 Wellington Trace,10/1/2026,LX36W4VQ,"","","","","","","","","",25.00,"","","",25.00,"","","",25.00
West Palm Beach 771 Village Blvd,10/1/2026,HYR9TI26,"","","","","","","","","",25.00,"","","",25.00,"","","",25.00
Wellington 13860 Wellington Trace,10/1/2026,1KVXCRSY,"","","","","","","","","",25.00,"","","",25.00,"","","",25.00
Wellington 13860 Wellington Trace,10/1/2026,SYHL3BQM,"","","","","","","","","",54.00,"","","",54.00,"","","",54.00
West Palm Beach 771 Village Blvd,10/1/2026,RE8RHLNN,"","","","","","","","","",54.00,"","","",54.00,"","","",54.00
Boynton Beach 1100 N Congress Ave,10/1/2026,XEUV2S6T,"","","","","","","","","",25.00,"","","",25.00,"","","",25.00
Wellington 13860 Wellington Trace,10/1/2026,DPRFWHVJ,"","","","","","","","","",25.00,"","","",25.00,"","","",25.00
Wellington 13860 Wellington Trace,10/1/2026,59QJZYF6,"","","","","","","","","",64.00,"","","",64.00,"","","",64.00
West Palm Beach 771 Village Blvd,10/1/2026,NDO5BI2G,"","","","","","","","","",25.00,"","","",25.00,"","","",25.00
Wellington 13860 Wellington Trace,10/1/2026,SJ8YU17D,"","","","","","","","","",25.00,"","","",25.00,"","","",25.00
Boynton Beach 1100 N Congress Ave,10/1/2026,0UYGVXRJ,"","","","","","","","","",25.00,"","","",25.00,"","","",25.00
Boynton Beach 1100 N Congress Ave,10/1/2026,WPV3DUCD,"","","","","","","","","",25.00,"","","",25.00,"","","",25.00
Wellington 13860 Wellington Trace,10/1/2026,QAK7SWPH,"","","","","","","","","",25.00,"","","",25.00,"","","",25.00
Wellington 13860 Wellington Trace,10/1/2026,QTZGMYQR,"","","","","","","","","",25.00,"","","",25.00,"","","",25.00
Wellington 13860 Wellington Trace,10/1/2026,TXW4KAOW,"","","","","","","","","",45.00,"","","",45.00,"","","",45.00
Wellington 13860 Wellington Trace,10/1/2026,JN2K0EOP,"","","","","","","","","",152.50,"","","",152.50,"","","",152.50
Lake Worth 8777 Hypoluxo Road,10/1/2026,983DIKE0,"","","","","","","","","",25.00,"","","",25.00,"","","",25.00
West Palm Beach 771 Village Blvd,10/1/2026,9S88CLPX,"","","","","","","","","",25.00,"","","",25.00,"","","",25.00
Boynton Beach 1100 N Congress Ave,10/1/2026,R7BOZM5X,"","","","","","","","","",25.00,"","","",25.00,"","","",25.00
Wellington 13860 Wellington Trace,10/1/2026,7KYE4FZZ,"","","","","","","","","",50.00,"","","",50.00,"","","",50.00
Boynton Beach 1100 N Congress Ave,10/1/2026,1L66CP1J,"","","","","","","","","",54.00,"","","",54.00,"","","",54.00
Wellington 13860 Wellington Trace,10/1/2026,7YEOMK6Q,"","","","","","","","","",25.00,"","","",25.00,"","","",25.00
West Palm Beach 771 Village Blvd,10/1/2026,ZGETQHUV,"","","","","","","","","",25.00,"","","",25.00,"","","",25.00
West Palm Beach 771 Village Blvd,10/1/2026,RQ6NCKOH,"","","","","","","","","",25.00,"","","",25.00,"","","",25.00
Wellington 13860 Wellington Trace,10/1/2026,N6QVBBKE,"","","","","","","","","",25.00,"","","",25.00,"","","",25.00
Wellington 13860 Wellington Trace,10/1/2026,QS1AQCUU,"","","","","","","","","",25.00,"","","",25.00,"","","",25.00
Wellington 13860 Wellington Trace,10/1/2026,APG8NNZU,"","","","","","","","","",25.00,"","","",25.00,"","","",25.00
Wellington 13860 Wellington Trace,10/1/2026,KCKBETF0,"","","","","","","","","",50.00,"","","",50.00,"","","",50.00
West Palm Beach 771 Village Blvd,10/1/2026,SI7JFPJF,"","","","","","","","","",25.00,"","","",25.00,"","","",25.00
Wellington 13860 Wellington Trace,10/1/2026,KE88B0D5,"","","","","","","","","",25.00,"","","",25.00,"","","",25.00
Boynton Beach 1100 N Congress Ave,10/1/2026,Z2UCM795,"","","","","","","","","",25.00,"","","",25.00,"","","",25.00
Boynton Beach 1100 N Congress Ave,10/1/2026,QUHIGMTN,"","","","","","","","","",29.00,"","","",29.00,"","","",29.00
West Palm Beach 771 Village Blvd,10/1/2026,J0WW15BP,"","","","","","","","","",29.00,"","","",29.00,"","","",29.00
Wellington 13860 Wellington Trace,10/1/2026,CISGAM0D,"","","","","","","","","",78.00,"","","",78.00,"","","",78.00
Lake Worth 8777 Hypoluxo Road,10/1/2026,RCZ8BJT3,"","","","","","","","","",45.00,"","","",45.00,"","","",45.00
Boynton Beach 1100 N Congress Ave,10/1/2026,7D46C1V9,"","","","","","","","","",29.00,"","","",29.00,"","","",29.00
Boynton Beach 1100 N Congress Ave,10/1/2026,QEP3XN0X,"","","","","","","","","",39.00,"","","",39.00,"","","",39.00
West Palm Beach 771 Village Blvd,10/1/2026,M76VUD78,"","","","","","","","","",29.00,"","","",29.00,"","","",29.00
West Palm Beach 771 Village Blvd,10/1/2026,TXOXLOU0,"","","","","","","","","",29.00,"","","",29.00,"","","",29.00
Wellington 13860 Wellington Trace,10/1/2026,CZNGVAF0,"","","","","","","","","",39.00,"","","",39.00,"","","",39.00
Wellington 13860 Wellington Trace,10/1/2026,XCJAN3Q2,"","","","","","","","","",39.00,"","","",39.00,"","","",39.00
Boynton Beach 1100 N Congress Ave,10/1/2026,F20O4FL0,"","","","","","","","","",29.00,"","","",29.00,"","","",29.00
Lake Worth 8777 Hypoluxo Road,10/1/2026,JML8V872,"","","","","","","","","",29.00,"","","",29.00,"","","",29.00
Lake Worth 8777 Hypoluxo Road,10/1/2026,7DGQC7TR,"","","","","","","","","",29.00,"","","",29.00,"","","",29.00
Wellington 13860 Wellington Trace,10/1/2026,N33BPI8V,"","","","","","","","","",59.00,"","","",59.00,"","","",59.00
Lake Worth 8777 Hypoluxo Road,10/1/2026,1LS1LC0T,"","","","","","","","","",29.00,"","","",29.00,"","","",29.00
Boynton Beach 1100 N Congress Ave,10/1/2026,BML5LII3,"","","","","","","","","",29.00,"","","",29.00,"","","",29.00
West Palm Beach 771 Village Blvd,10/1/2026,1CBNEKV0,"","","","","","","","","",39.00,"","","",39.00,"","","",39.00
Lake Worth 8777 Hypoluxo Road,10/1/2026,UR7DI58S,"","","","","","","","","",29.00,"","","",29.00,"","","",29.00
Lake Worth 8777 Hypoluxo Road,10/1/2026,UM7YDNO6,"","","","","","","","","",29.00,"","","",29.00,"","","",29.00
West Palm Beach 771 Village Blvd,10/1/2026,FXDMYKQO,"","","","","","","","","",59.00,"","","",59.00,"","","",59.00
West Palm Beach 771 Village Blvd,10/1/2026,AD440O64,"","","","","","","","","",29.00,"","","",29.00,"","","",29.00
Lake Worth 8777 Hypoluxo Road,10/1/2026,2PX8BC94,"","","","","","","","","",49.00,"","","",49.00,"","","",49.00
Lake Worth 8777 Hypoluxo Road,10/1/2026,IQB2CH12,"","","","","","","","","",29.00,"","","",29.00,"","","",29.00
Lake Worth 8777 Hypoluxo Road,10/1/2026,KQ3104M0,"","","","","","","","","",64.00,"","","",64.00,"","","",64.00
Lake Worth 8777 Hypoluxo Road,10/1/2026,YG4UNAZD,"","","","","","","","","",96.00,"","","",96.00,"","","",96.00
Lake Worth 8777 Hypoluxo Road,10/1/2026,09Q3QO0E,"","","","","","","","","",29.00,"","","",29.00,"","","",29.00
Lake Worth 8777 Hypoluxo Road,10/1/2026,DCBR8HBH,"","","","","","","","","",49.00,"","","",49.00,"","","",49.00
Lake Worth 8777 Hypoluxo Road,10/1/2026,M41UJXWH,"","","","","","","","","",29.00,"","","",29.00,"","","",29.00
Lake Worth 8777 Hypoluxo Road,10/1/2026,VSJS51X2,"","","","","","","","","",29.00,"","","",29.00,"","","",29.00
Lake Worth 8777 Hypoluxo Road,10/1/2026,2Q82MIW1,"","","","","","","","","",57.00,"","","",57.00,"","","",57.00
Wellington 13860 Wellington Trace,10/1/2026,79PQGOM0,"","","","","","","","","",29.00,"","","",29.00,"","","",29.00
Boynton Beach 1100 N Congress Ave,10/1/2026,DM9QZEME,"","","","","","","","","",39.00,"","","",39.00,"","","",39.00
Wellington 13860 Wellington Trace,10/1/2026,ZOSI8XQH,"","","","","","","","","",39.00,"","","",39.00,"","","",39.00
Lake Worth 8777 Hypoluxo Road,10/1/2026,7EHY7MWS,"","","","","","","","","",39.00,"","","",39.00,"","","",39.00
Boynton Beach 1100 N Congress Ave,10/1/2026,00K8HQMO,"","","","","","","","","",39.00,"","","",39.00,"","","",39.00
Lake Worth 8777 Hypoluxo Road,10/1/2026,J6QU9JFN,"","","","","","","","","",39.00,"","","",39.00,"","","",39.00
Boynton Beach 1100 N Congress Ave,10/1/2026,S91QC35W,"","","","","","","","","",59.00,"","","",59.00,"","","",59.00
West Palm Beach 771 Village Blvd,10/1/2026,RGATEHD9,"","","","","","","","","",67.00,"","","",67.00,"","","",67.00
Lake Worth 8777 Hypoluxo Road,10/1/2026,2CUDZR6E,"","","","","","","","","",39.00,"","","",39.00,"","","",39.00
West Palm Beach 771 Village Blvd,10/1/2026,6A5NCWMF,"","","","","","","","","",39.00,"","","",39.00,"","","",39.00
Lake Worth 8777 Hypoluxo Road,10/1/2026,9126410Q,"","","","","","","","","",39.00,"","","",39.00,"","","",39.00
Wellington 13860 Wellington Trace,10/1/2026,S7FL2SVF,"","","","","","","","","",39.00,"","","",39.00,"","","",39.00
Boynton Beach 1100 N Congress Ave,10/1/2026,Z76BV4BE,"","","","","","","","","",29.00,"","","",29.00,"","","",29.00
Boynton Beach 1100 N Congress Ave,10/1/2026,LAA1SS57,"","","","","","","","","",29.00,"","","",29.00,"","","",29.00
Boynton Beach 1100 N Congress Ave,10/1/2026,RXPZ5PBA,"","","","","","","","","",29.00,"","","",29.00,"","","",29.00
Lake Worth 8777 Hypoluxo Road,10/1/2026,742NUTQN,"","","","","","","","","",58.00,"","","",58.00,"","","",58.00
Wellington 13860 Wellington Trace,10/1/2026,UJGOMEG9,"","","","","","","","","",39.00,"","","",39.00,"","","",39.00
Wellington 13860 Wellington Trace,10/1/2026,4C69QGI2,"","","","","","","","","",29.00,"","","",29.00,"","","",29.00
Boynton Beach 1100 N Congress Ave,10/1/2026,NTO3921S,"","","","","","","","","",29.00,"","","",29.00,"","","",29.00
West Palm Beach 771 Village Blvd,10/1/2026,PII4BLVC,"","","","","","","","","",39.00,"","","",39.00,"","","",39.00
Lake Worth 8777 Hypoluxo Road,10/1/2026,I2Y175FP,"","","","","","","","","",95.00,"","","",95.00,"","","",95.00
Wellington 13860 Wellington Trace,10/1/2026,ED838505,"","","","","","","","","",39.00,"","","",39.00,"","","",39.00
Lake Worth 8777 Hypoluxo Road,10/1/2026,XR1TM0O7,"","","","","","","","","",88.00,"","","",88.00,"","","",88.00
Lake Worth 8777 Hypoluxo Road,10/1/2026,H06TLOYU,"","","","","","","","","",25.00,"","","",25.00,"","","",25.00
Lake Worth 8777 Hypoluxo Road,10/1/2026,F57JRDH0,"","","","","","","","","",45.00,"","","",45.00,"","","",45.00
Boynton Beach 1100 N Congress Ave,10/1/2026,HHGSXUTQ,"","","","","","","","","",39.00,"","","",39.00,"","","",39.00
Wellington 13860 Wellington Trace,10/1/2026,5OE3ZACZ,"","","","","","","","","",78.00,"","","",78.00,"","","",78.00
West Palm Beach 771 Village Blvd,10/1/2026,4NT1Y2LS,"","","","","","","","","",39.00,"","","",39.00,"","","",39.00
Lake Worth 8777 Hypoluxo Road,10/1/2026,X6I1EA35,"","","","","","","","","",29.00,"","","",29.00,"","","",29.00
Wellington 13860 Wellington Trace,10/1/2026,0RGK41W3,"","","","","","","","","",78.00,"","","",78.00,"","","",78.00
Boynton Beach 1100 N Congress Ave,10/1/2026,OZYOSJHV,"","","","","","","","","",29.00,"","","",29.00,"","","",29.00
Boynton Beach 1100 N Congress Ave,10/1/2026,RC73UTCT,"","","","","","","","","",29.00,"","","",29.00,"","","",29.00
Wellington 13860 Wellington Trace,10/1/2026,QO11J34Q,"","","","","","","","","",39.00,"","","",39.00,"","","",39.00
Boynton Beach 1100 N Congress Ave,10/1/2026,NT4BTTZK,"","","","","","","","","",29.00,"","","",29.00,"","","",29.00
West Palm Beach 771 Village Blvd,10/1/2026,70OM0NWZ,"","","","","","","","","",59.00,"","","",59.00,"","","",59.00
Lake Worth 8777 Hypoluxo Road,10/1/2026,AN3FUJCT,"","","","","","","","","",29.00,"","","",29.00,"","","",29.00
Lake Worth 8777 Hypoluxo Road,10/1/2026,IJVVTV7P,"","","","","","","","","",65.00,"","","",65.00,"","","",65.00
Lake Worth 8777 Hypoluxo Road,10/1/2026,DPLGUQZC,"","","","","","","","","",70.00,"","","",70.00,"","","",70.00
West Palm Beach 771 Village Blvd,10/1/2026,BT1P84P9,"","","","","","","","","",29.00,"","","",29.00,"","","",29.00
West Palm Beach 771 Village Blvd,10/1/2026,LS9GHDP1,"","","","","","","","","",39.00,"","","",39.00,"","","",39.00
Wellington 13860 Wellington Trace,10/1/2026,46SISI75,"","","","","","","","","",84.00,"","","",84.00,"","","",84.00
Lake Worth 8777 Hypoluxo Road,10/1/2026,BU8MRL3O,"","","","","","","","","",58.00,"","","",58.00,"","","",58.00
Lake Worth 8777 Hypoluxo Road,10/1/2026,GXM812JN,"","","","","","","","","",29.00,"","","",29.00,"","","",29.00
Lake Worth 8777 Hypoluxo Road,10/1/2026,8F3LYUPE,"","","","","","","","","",39.00,"","","",39.00,"","","",39.00
Lake Worth 8777 Hypoluxo Road,10/1/2026,N5UVHUIO,"","","","","","","","","",58.00,"","","",58.00,"","","",58.00
Lake Worth 8777 Hypoluxo Road,10/1/2026,FP84EQ49,"","","","","","","","","",29.00,"","","",29.00,"","","",29.00
Lake Worth 8777 Hypoluxo Road,10/1/2026,L3NICDCK,"","","","","","","","","",65.00,"","","",65.00,"","","",65.00
Lake Worth 8777 Hypoluxo Road,10/1/2026,4H11JYVN,"","","","","","","","","",39.00,"","","",39.00,"","","",39.00
Lake Worth 8777 Hypoluxo Road,10/1/2026,S2JUEH3N,"","","","","","","","","",29.00,"","","",29.00,"","","",29.00
Lake Worth 8777 Hypoluxo Road,10/1/2026,KJ0B93U1,"","","","","","","","","",58.00,"","","",58.00,"","","",58.00
West Palm Beach 771 Village Blvd,10/1/2026,QWPZM0T5,"","","","","","","","","",29.00,"","","",29.00,"","","",29.00
Lake Worth 8777 Hypoluxo Road,10/1/2026,TTIIEKJQ,"","","","","","","","","",29.00,"","","",29.00,"","","",29.00
Lake Worth 8777 Hypoluxo Road,10/1/2026,R7FVSM8H,"","","","","","","","","",29.00,"","","",29.00,"","","",29.00
Lake Worth 8777 Hypoluxo Road,10/1/2026,76TQ39VL,"","","","","","","","","",65.00,"","","",65.00,"","","",65.00
West Palm Beach 771 Village Blvd,10/1/2026,Q92MSQ5Z,"","","","","","","","","",29.00,"","","",29.00,"","","",29.00
Lake Worth 8777 Hypoluxo Road,10/1/2026,R5WB66VC,"","","","","","","","","",39.00,"","","",39.00,"","","",39.00
West Palm Beach 771 Village Blvd,10/1/2026,DBDFP0MI,"","","","","","","","","",29.00,"","","",29.00,"","","",29.00
Lake Worth 8777 Hypoluxo Road,10/1/2026,TK2IS84R,"","","","","","","","","",128.00,"","","",128.00,"","","",128.00
Wellington 13860 Wellington Trace,10/1/2026,Q9O0B5XV,"","","","","","","","","",29.00,"","","",29.00,"","","",29.00
Lake Worth 8777 Hypoluxo Road,10/1/2026,7MY6D27M,"","","","","","","","","",78.00,"","","",78.00,"","","",78.00
Wellington 13860 Wellington Trace,10/1/2026,VEP28LOQ,"","","","","","","","","",58.00,"","","",58.00,"","","",58.00
Lake Worth 8777 Hypoluxo Road,10/1/2026,95A8WC8M,"","","","","","","","","",64.00,"","","",64.00,"","","",64.00
Wellington 13860 Wellington Trace,10/1/2026,IWJ93RSH,"","","","","","","","","",39.00,"","","",39.00,"","","",39.00
Lake Worth 8777 Hypoluxo Road,10/1/2026,RS37G2SI,"","","","","","","","","",64.00,"","","",64.00,"","","",64.00
Lake Worth 8777 Hypoluxo Road,10/1/2026,QHJ07PQ0,"","","","","","","","","",29.00,"","","",29.00,"","","",29.00
Lake Worth 8777 Hypoluxo Road,10/1/2026,FZ83PUWR,"","","","","","","","","",78.00,"","","",78.00,"","","",78.00
Lake Worth 8777 Hypoluxo Road,10/1/2026,8OJJJU38,"","","","","","","","","",29.00,"","","",29.00,"","","",29.00
Lake Worth 8777 Hypoluxo Road,10/1/2026,MVBGJL33,"","","","","","","","","",58.00,"","","",58.00,"","","",58.00
Boynton Beach 1100 N Congress Ave,10/1/2026,6D8TJ7L5,"","","","","","","","","",39.00,"","","",39.00,"","","",39.00
Lake Worth 8777 Hypoluxo Road,10/1/2026,E9LQZ7UO,"","","","","","","","","",29.00,"","","",29.00,"","","",29.00
Lake Worth 8777 Hypoluxo Road,10/1/2026,6O9CTOS8,"","","","","","","","","",29.00,"","","",29.00,"","","",29.00
West Palm Beach 771 Village Blvd,10/1/2026,FWFLHTIT,"","","","","","","","","",29.00,"","","",29.00,"","","",29.00
Boynton Beach 1100 N Congress Ave,10/1/2026,TVTTIUIZ,"","","","","","","","","",38.00,"","","",38.00,"","","",38.00
Lake Worth 8777 Hypoluxo Road,10/1/2026,FTFSOOVJ,"","","","","","","","","",58.00,"","","",58.00,"","","",58.00
Lake Worth 8777 Hypoluxo Road,10/1/2026,9EDEVS7S,"","","","","","","","","",57.00,"","","",57.00,"","","",57.00
Lake Worth 8777 Hypoluxo Road,10/1/2026,FPX9EAIY,"","","","","","","","","",29.00,"","","",29.00,"","","",29.00
West Palm Beach 771 Village Blvd,10/1/2026,NQX7LPP7,"","","","","","","","","",29.00,"","","",29.00,"","","",29.00
Lake Worth 8777 Hypoluxo Road,10/1/2026,5MRKJ9XO,"","","","","","","","","",78.00,"","","",78.00,"","","",78.00
Lake Worth 8777 Hypoluxo Road,10/1/2026,TZN6XKJL,"","","","","","","","","",29.00,"","","",29.00,"","","",29.00
Boynton Beach 1100 N Congress Ave,10/1/2026,15NZXDB9,"","","","","","","","","",115.25,"","","",115.25,"","","",115.25
Wellington 13860 Wellington Trace,10/1/2026,W1PPRSN8,"","","","","","","","","",29.00,"","","",29.00,"","","",29.00
Boynton Beach 1100 N Congress Ave,10/1/2026,TRKCWPKR,"","","","","","","","","",29.00,"","","",29.00,"","","",29.00
West Palm Beach 771 Village Blvd,10/1/2026,1SCH13Q5,"","","","","","","","","",39.00,"","","",39.00,"","","",39.00
Wellington 13860 Wellington Trace,10/1/2026,Q3TWDGK2,"","","","","","","","","",29.00,"","","",29.00,"","","",29.00
Lake Worth 8777 Hypoluxo Road,10/1/2026,UL3BTDT6,"","","","","","","","","",29.00,"","","",29.00,"","","",29.00
Lake Worth 8777 Hypoluxo Road,10/1/2026,38IDJ0GQ,"","","","","","","","","",29.00,"","","",29.00,"","","",29.00
Lake Worth 8777 Hypoluxo Road,10/1/2026,8733JGAU,"","","","","","","","","",58.00,"","","",58.00,"","","",58.00
Boynton Beach 1100 N Congress Ave,10/1/2026,3KXXX1YQ,"","","","","","","","","",39.00,"","","",39.00,"","","",39.00
Lake Worth 8777 Hypoluxo Road,10/1/2026,P6EUGHJ5,"","","","","","","","","",64.00,"","","",64.00,"","","",64.00
West Palm Beach 771 Village Blvd,10/1/2026,YMLW9ETL,"","","","","","","","","",39.00,"","","",39.00,"","","",39.00
West Palm Beach 771 Village Blvd,10/1/2026,IF1COP6Y,"","","","","","","","","",39.00,"","","",39.00,"","","",39.00
Boynton Beach 1100 N Congress Ave,10/1/2026,8HP1DFLG,"","","","","","","","","",39.00,"","","",39.00,"","","",39.00
Wellington 13860 Wellington Trace,10/1/2026,D2ZG6JKM,"","","","","","","","","",87.00,"","","",87.00,"","","",87.00
Wellington 13860 Wellington Trace,10/1/2026,A2TTX6DB,"","","","","","","","","",39.00,"","","",39.00,"","","",39.00
Lake Worth 8777 Hypoluxo Road,10/1/2026,4PN3V2TO,"","","","","","","","","",29.00,"","","",29.00,"","","",29.00
Lake Worth 8777 Hypoluxo Road,10/1/2026,8TVAO9GY,"","","","","","","","","",29.00,"","","",29.00,"","","",29.00
Wellington 13860 Wellington Trace,10/1/2026,H2OY329H,"","","","","","","","","",78.00,"","","",78.00,"","","",78.00
Lake Worth 8777 Hypoluxo Road,10/1/2026,DWLH4FLJ,"","","","","","","","","",87.00,"","","",87.00,"","","",87.00
Wellington 13860 Wellington Trace,10/1/2026,8VO41UJH,"","","","","","","","","",58.00,"","","",58.00,"","","",58.00
Wellington 13860 Wellington Trace,10/1/2026,YR6RO5P6,"","","","","","","","","",25.00,"","","",25.00,"","","",25.00
Wellington 13860 Wellington Trace,10/1/2026,0H6G5VR4,"","","","","","","","","",29.00,"","","",29.00,"","","",29.00
Lake Worth 8777 Hypoluxo Road,10/1/2026,J62R8GFD,"","","","","","","","","",29.00,"","","",29.00,"","","",29.00
Wellington 13860 Wellington Trace,10/1/2026,ORIY8H78,"","","","","","","","","",29.00,"","","",29.00,"","","",29.00
West Palm Beach 771 Village Blvd,10/1/2026,4JXS94JR,"","","","","","","","","",39.00,"","","",39.00,"","","",39.00
Lake Worth 8777 Hypoluxo Road,10/1/2026,UPGSUNLK,"","","","","","","","","",86.25,"","","",86.25,"","","",86.25
Wellington 13860 Wellington Trace,10/1/2026,34AHL1RA,"","","","","","","","","",29.00,"","","",29.00,"","","",29.00
Lake Worth 8777 Hypoluxo Road,10/1/2026,QCDWAWLV,"","","","","","","","","",29.00,"","","",29.00,"","","",29.00
Lake Worth 8777 Hypoluxo Road,10/1/2026,EEN9V23C,"","","","","","","","","",35.00,"","","",35.00,"","","",35.00
Boynton Beach 1100 N Congress Ave,10/1/2026,CZFMFJ9V,"","","","","","","","","",38.00,"","","",38.00,"","","",38.00
West Palm Beach 771 Village Blvd,10/1/2026,E4D4RTNM,"","","","","","","","","",94.00,"","","",94.00,"","","",94.00
Boynton Beach 1100 N Congress Ave,10/1/2026,3UGQ12V2,"","","","","","","","","",35.00,"","","",35.00,"","","",35.00
Wellington 13860 Wellington Trace,10/1/2026,BFZ4GDO1,"","","","","","","","","",35.00,"","","",35.00,"","","",35.00
Wellington 13860 Wellington Trace,10/1/2026,DERYK1TA,"","","","","","","","","",35.00,"","","",35.00,"","","",35.00
Boynton Beach 1100 N Congress Ave,10/1/2026,N1GCELNE,"","","","","","","","","",35.00,"","","",35.00,"","","",35.00
Wellington 13860 Wellington Trace,10/1/2026,DPLSVIBV,"","","","","","","","","",70.00,"","","",70.00,"","","",70.00
West Palm Beach 771 Village Blvd,10/1/2026,2Z1YB16S,"","","","","","","","","",29.00,"","","",29.00,"","","",29.00
West Palm Beach 771 Village Blvd,10/1/2026,4QXDLZVR,"","","","","","","","","",35.00,"","","",35.00,"","","",35.00
Boynton Beach 1100 N Congress Ave,10/1/2026,A3AUCZE5,"","","","","","","","","",35.00,"","","",35.00,"","","",35.00
Wellington 13860 Wellington Trace,10/1/2026,IIRL064C,"","","","","","","","","",35.00,"","","",35.00,"","","",35.00
Boynton Beach 1100 N Congress Ave,10/1/2026,APF2Z9QC,"","","","","","","","","",35.00,"","","",35.00,"","","",35.00
Lake Worth 8777 Hypoluxo Road,10/1/2026,T7CFGGDE,"","","","","","","","","",45.00,"","","",45.00,"","","",45.00
West Palm Beach 771 Village Blvd,10/1/2026,10FODX64,"","","","","","","","","",100.00,"","","",100.00,"","","",100.00
Wellington 13860 Wellington Trace,10/1/2026,OLHVI638,"","","","","","","","","",70.00,"","","",70.00,"","","",70.00
Boynton Beach 1100 N Congress Ave,10/1/2026,55AGUBHV,"","","","","","","","","",45.00,"","","",45.00,"","","",45.00
Lake Worth 8777 Hypoluxo Road,10/1/2026,QYHU9M4N,"","","","","","","","","",29.00,"","","",29.00,"","","",29.00
West Palm Beach 771 Village Blvd,10/1/2026,QGVXBPXS,"","","","","","","","","",35.00,"","","",35.00,"","","",35.00
West Palm Beach 771 Village Blvd,10/1/2026,WD8T0UOM,"","","","","","","","","",35.00,"","","",35.00,"","","",35.00
Lake Worth 8777 Hypoluxo Road,10/1/2026,WVCY0UCB,"","","","","","","","","",35.00,"","","",35.00,"","","",35.00
Boynton Beach 1100 N Congress Ave,10/1/2026,4B3I77SC,"","","","","","","","","",35.00,"","","",35.00,"","","",35.00
Boynton Beach 1100 N Congress Ave,10/1/2026,O8QXOJ6R,"","","","","","","","","",38.00,"","","",38.00,"","","",38.00
Boynton Beach 1100 N Congress Ave,10/1/2026,ZU161159,"","","","","","","","","",35.00,"","","",35.00,"","","",35.00
West Palm Beach 771 Village Blvd,10/1/2026,WBOBESPL,"","","","","","","","","",90.00,"","","",90.00,"","","",90.00
Lake Worth 8777 Hypoluxo Road,10/1/2026,BFU90G5M,"","","","","","","","","",35.00,"","","",35.00,"","","",35.00
Lake Worth 8777 Hypoluxo Road,10/1/2026,Y8N6YMZL,"","","","","","","","","",35.00,"","","",35.00,"","","",35.00
Lake Worth 8777 Hypoluxo Road,10/1/2026,DKNOI6H7,"","","","","","","","","",29.00,"","","",29.00,"","","",29.00
Lake Worth 8777 Hypoluxo Road,10/1/2026,PEJZ0XVR,"","","","","","","","","",116.00,"","","",116.00,"","","",116.00
West Palm Beach 771 Village Blvd,10/1/2026,WL4I6N7K,"","","","","","","","","",56.00,"","","",56.00,"","","",56.00
West Palm Beach 771 Village Blvd,10/1/2026,ZEZQQ1V6,"","","","","","","","","",45.00,"","","",45.00,"","","",45.00
Boynton Beach 1100 N Congress Ave,10/1/2026,CEKN0T1G,"","","","","","","","","",45.00,"","","",45.00,"","","",45.00
Lake Worth 8777 Hypoluxo Road,10/1/2026,7EPPN1Q8,"","","","","","","","","",25.00,"","","",25.00,"","","",25.00
West Palm Beach 771 Village Blvd,10/1/2026,USUMGW7V,"","","","","","","","","",35.00,"","","",35.00,"","","",35.00
Boynton Beach 1100 N Congress Ave,10/1/2026,O1BZ128O,"","","","","","","","","",35.00,"","","",35.00,"","","",35.00
West Palm Beach 771 Village Blvd,10/1/2026,C7WNM8OB,"","","","","","","","","",94.00,"","","",94.00,"","","",94.00
West Palm Beach 771 Village Blvd,10/1/2026,57YL0KAU,"","","","","","","","","",35.00,"","","",35.00,"","","",35.00
West Palm Beach 771 Village Blvd,10/1/2026,2FWUGV0Y,"","","","","","","","","",35.00,"","","",35.00,"","","",35.00
Boynton Beach 1100 N Congress Ave,10/1/2026,JX42BF81,"","","","","","","","","",80.00,"","","",80.00,"","","",80.00
Wellington 13860 Wellington Trace,10/1/2026,HADHOCBF,"","","","","","","","","",55.00,"","","",55.00,"","","",55.00
Wellington 13860 Wellington Trace,10/1/2026,5TKA20IP,"","","","","","","","","",69.00,"","","",69.00,"","","",69.00
Lake Worth 8777 Hypoluxo Road,10/1/2026,XY1MLDYF,"","","","","","","","","",35.00,"","","",35.00,"","","",35.00
Boynton Beach 1100 N Congress Ave,10/1/2026,BH91DX9J,"","","","","","","","","",35.00,"","","",35.00,"","","",35.00
West Palm Beach 771 Village Blvd,10/1/2026,COYH4EL8,"","","","","","","","","",29.00,"","","",29.00,"","","",29.00
West Palm Beach 771 Village Blvd,10/1/2026,EH6X98GD,"","","","","","","","","",123.25,"","","",123.25,"","","",123.25
Boynton Beach 1100 N Congress Ave,10/1/2026,5ID6A4ZQ,"","","","","","","","","",105.00,"","","",105.00,"","","",105.00
Lake Worth 8777 Hypoluxo Road,10/1/2026,JTPD4UJ8,"","","","","","","","","",74.00,"","","",74.00,"","","",74.00
West Palm Beach 771 Village Blvd,10/1/2026,G5QOM7F4,"","","","","","","","","",35.00,"","","",35.00,"","","",35.00
West Palm Beach 771 Village Blvd,10/1/2026,F1RSWLEC,"","","","","","","","","",45.00,"","","",45.00,"","","",45.00
West Palm Beach 771 Village Blvd,10/1/2026,3ZP82YTG,"","","","","","","","","",45.00,"","","",45.00,"","","",45.00
Boynton Beach 1100 N Congress Ave,10/1/2026,YJO5EMUR,"","","","","","","","","",50.00,"","","",50.00,"","","",50.00
Lake Worth 8777 Hypoluxo Road,10/1/2026,SG6LDIJG,"","","","","","","","","",35.00,"","","",35.00,"","","",35.00
Lake Worth 8777 Hypoluxo Road,10/1/2026,K62EUX5Z,"","","","","","","","","",38.00,"","","",38.00,"","","",38.00
West Palm Beach 771 Village Blvd,10/1/2026,RU4B6WX0,"","","","","","","","","",35.00,"","","",35.00,"","","",35.00
Wellington 13860 Wellington Trace,10/1/2026,M6DSQW1P,"","","","","","","","","",50.00,"","","",50.00,"","","",50.00
Wellington 13860 Wellington Trace,10/1/2026,AIQH7VV4,"","","","","","","","","",73.25,"","","",73.25,"","","",73.25
West Palm Beach 771 Village Blvd,10/1/2026,AN05XSLW,"","","","","","","","","",35.00,"","","",35.00,"","","",35.00
Lake Worth 8777 Hypoluxo Road,10/1/2026,7MSYVD1X,"","","","","","","","","",35.00,"","","",35.00,"","","",35.00
West Palm Beach 771 Village Blvd,10/1/2026,1RVXE84A,"","","","","","","","","",49.00,"","","",49.00,"","","",49.00
Wellington 13860 Wellington Trace,10/1/2026,4K1MNPAW,"","","","","","","","","",35.00,"","","",35.00,"","","",35.00
Wellington 13860 Wellington Trace,10/1/2026,ZFBQ21LH,"","","","","","","","","",65.00,"","","",65.00,"","","",65.00
Wellington 13860 Wellington Trace,10/1/2026,P8OTJW1C,"","","","","","","","","",35.00,"","","",35.00,"","","",35.00
Lake Worth 8777 Hypoluxo Road,10/1/2026,B7LAOG9O,"","","","","","","","","",35.00,"","","",35.00,"","","",35.00
West Palm Beach 771 Village Blvd,10/1/2026,FAIQF7BC,"","","","","","","","","",45.00,"","","",45.00,"","","",45.00
West Palm Beach 771 Village Blvd,10/1/2026,D14M5IM7,"","","","","","","","","",35.00,"","","",35.00,"","","",35.00
Lake Worth 8777 Hypoluxo Road,10/1/2026,2FTJ9TCO,"","","","","","","","","",52.00,"","","",52.00,"","","",52.00
West Palm Beach 771 Village Blvd,10/1/2026,IFG3ES9N,"","","","","","","","","",65.00,"","","",65.00,"","","",65.00
Lake Worth 8777 Hypoluxo Road,10/1/2026,5GACO8T2,"","","","","","","","","",35.00,"","","",35.00,"","","",35.00
West Palm Beach 771 Village Blvd,10/1/2026,B0BX696E,"","","","","","","","","",35.00,"","","",35.00,"","","",35.00
Boynton Beach 1100 N Congress Ave,10/1/2026,94B9HXX4,"","","","","","","","","",45.00,"","","",45.00,"","","",45.00
Lake Worth 8777 Hypoluxo Road,10/1/2026,B8EMD1M4,"","","","","","","","","",35.00,"","","",35.00,"","","",35.00
Wellington 13860 Wellington Trace,10/1/2026,SPEVOXW7,"","","","","","","","","",35.00,"","","",35.00,"","","",35.00
Wellington 13860 Wellington Trace,10/1/2026,HNKUEB5K,"","","","","","","","","",45.00,"","","",45.00,"","","",45.00
West Palm Beach 771 Village Blvd,10/1/2026,GREL6D8Y,"","","","","","","","","",35.00,"","","",35.00,"","","",35.00
Wellington 13860 Wellington Trace,10/1/2026,RH0S44YG,"","","","","","","","","",138.00,"","","",138.00,"","","",138.00
Lake Worth 8777 Hypoluxo Road,10/1/2026,OQ9UQ643,"","","","","","","","","",35.00,"","","",35.00,"","","",35.00
Lake Worth 8777 Hypoluxo Road,10/1/2026,HBN80AR1,WTX8BP2TQA,106.00,-13.00,"","","","","","","","","","",106.00,-54.00,-13.00,"",39.00
Wellington 13860 Wellington Trace,10/1/2026,TGXAPD6I,"","","","","","","","","",35.00,"","","",35.00,"","","",35.00
Lake Worth 8777 Hypoluxo Road,10/1/2026,0NT5HN75,"","","","","","","","","",49.00,"","","",49.00,"","","",49.00
Boynton Beach 1100 N Congress Ave,10/1/2026,AHIEKXNJ,"","","","","","","","","",45.00,"","","",45.00,"","","",45.00
West Palm Beach 771 Village Blvd,10/1/2026,WXFB6QRE,"","","","","","","","","",35.00,"","","",35.00,"","","",35.00
Wellington 13860 Wellington Trace,10/1/2026,Y3TDU2A2,"","","","","","","","","",63.00,"","","",63.00,"","","",63.00
Wellington 13860 Wellington Trace,10/1/2026,EJQBQHZK,"","","","","","","","","",70.00,"","","",70.00,"","","",70.00
Lake Worth 8777 Hypoluxo Road,10/1/2026,WDZ7VL6T,"","","","","","","","","",45.00,"","","",45.00,"","","",45.00
West Palm Beach 771 Village Blvd,10/1/2026,ZBOK4RID,"","","","","","","","","",25.00,"","","",25.00,"","","",25.00
Wellington 13860 Wellington Trace,10/1/2026,XLUEDV83,"","","","","","","","","",45.00,"","","",45.00,"","","",45.00
Wellington 13860 Wellington Trace,10/1/2026,XEOGWKFS,"","","","","","","","","",70.00,"","","",70.00,"","","",70.00
West Palm Beach 771 Village Blvd,10/1/2026,IYI86CTK,"","","","","","","","","",45.00,"","","",45.00,"","","",45.00
Lake Worth 8777 Hypoluxo Road,10/1/2026,SOORFXKC,"","","","","","","","","",58.00,"","","",58.00,"","","",58.00
Boynton Beach 1100 N Congress Ave,10/1/2026,XGK7P3JA,"","","","","","","","","",35.00,"","","",35.00,"","","",35.00
West Palm Beach 771 Village Blvd,10/1/2026,OVIVN7YJ,"","","","","","","","","",35.00,"","","",35.00,"","","",35.00
West Palm Beach 771 Village Blvd,10/1/2026,QIXQ5V2M,"","","","","","","","","",45.00,"","","",45.00,"","","",45.00
West Palm Beach 771 Village Blvd,10/1/2026,K44C2SE6,"","","","","","","","","",35.00,"","","",35.00,"","","",35.00
West Palm Beach 771 Village Blvd,10/1/2026,I0AM35GN,"","","","","","","","","",35.00,"","","",35.00,"","","",35.00
West Palm Beach 771 Village Blvd,10/1/2026,XVOGCJLI,"","","","","","","","","",35.00,"","","",35.00,"","","",35.00
Wellington 13860 Wellington Trace,10/1/2026,LQ3ZNOQ7,"","","","","","","","","",35.00,"","","",35.00,"","","",35.00
Wellington 13860 Wellington Trace,10/1/2026,6SDJMNTL,"","","","","","","","","",70.00,"","","",70.00,"","","",70.00
Wellington 13860 Wellington Trace,10/1/2026,58NRQCS1,"","","","","","","","","",45.00,"","","",45.00,"","","",45.00
Lake Worth 8777 Hypoluxo Road,10/1/2026,ON0A1BKG,"","","","","","","","","",35.00,"","","",35.00,"","","",35.00
Wellington 13860 Wellington Trace,10/1/2026,F82YGQTA,"","","","","","","","","",35.00,"","","",35.00,"","","",35.00
Wellington 13860 Wellington Trace,10/1/2026,3ACWGQFT,"","","","","","","","","",45.00,"","","",45.00,"","","",45.00
Boynton Beach 1100 N Congress Ave,10/1/2026,58P4GPSY,"","","","","","","","","",45.00,"","","",45.00,"","","",45.00
Lake Worth 8777 Hypoluxo Road,10/1/2026,Q9LL0R5V,"","","","","","","","","",70.00,"","","",70.00,"","","",70.00
Lake Worth 8777 Hypoluxo Road,10/1/2026,EFBEP0LJ,"","","","","","","","","",35.00,"","","",35.00,"","","",35.00
Wellington 13860 Wellington Trace,10/1/2026,1FSOG6OR,"","","","","","","","","",35.00,"","","",35.00,"","","",35.00
West Palm Beach 771 Village Blvd,10/1/2026,8UE0JM3U,"","","","","","","","","",35.00,"","","",35.00,"","","",35.00
Boynton Beach 1100 N Congress Ave,10/1/2026,OT5MMSTV,"","","","","","","","","",45.00,"","","",45.00,"","","",45.00
Wellington 13860 Wellington Trace,10/1/2026,372QKCRY,"","","","","","","","","",35.00,"","","",35.00,"","","",35.00
West Palm Beach 771 Village Blvd,10/1/2026,7DW4X1WT,"","","","","","","","","",40.00,"","","",40.00,"","","",40.00
Lake Worth 8777 Hypoluxo Road,10/1/2026,UFCP9JQZ,"","","","","","","","","",94.00,"","","",94.00,"","","",94.00
Boynton Beach 1100 N Congress Ave,10/1/2026,9EXVJH66,"","","","","","","","","",45.00,"","","",45.00,"","","",45.00
Boynton Beach 1100 N Congress Ave,10/1/2026,WOGN6AE0,"","","","","","","","","",45.00,"","","",45.00,"","","",45.00
West Palm Beach 771 Village Blvd,10/1/2026,M31HI0WP,"","","","","","","","","",35.00,"","","",35.00,"","","",35.00
Wellington 13860 Wellington Trace,10/1/2026,7JYNL8WY,"","","","","","","","","",35.00,"","","",35.00,"","","",35.00
Boynton Beach 1100 N Congress Ave,10/1/2026,RS3X10OH,"","","","","","","","","",45.00,"","","",45.00,"","","",45.00
Boynton Beach 1100 N Congress Ave,10/1/2026,UMCD7YXY,DQPGQDMC5F,126.00,-18.00,"","","","","","","","","","",126.00,-54.00,-18.00,"",54.00
West Palm Beach 771 Village Blvd,10/1/2026,ERDFPIQH,"","","","","","","","","",29.00,"","","",29.00,"","","",29.00
West Palm Beach 771 Village Blvd,10/1/2026,H51KQNYW,"","","","","","","","","",45.00,"","","",45.00,"","","",45.00
Wellington 13860 Wellington Trace,10/1/2026,MX4CM7ZA,"","","","","","","","","",35.00,"","","",35.00,"","","",35.00
West Palm Beach 771 Village Blvd,10/1/2026,07A4IR7B,"","","","","","","","","",35.00,"","","",35.00,"","","",35.00
Wellington 13860 Wellington Trace,10/1/2026,YI25UAHC,"","","","","","","","","",49.00,"","","",49.00,"","","",49.00
West Palm Beach 771 Village Blvd,10/1/2026,7LPNK4ZG,"","","","","","","","","",74.00,"","","",74.00,"","","",74.00
Boynton Beach 1100 N Congress Ave,10/1/2026,4TN4SMQB,"","","","","","","","","",73.00,"","","",73.00,"","","",73.00
Wellington 13860 Wellington Trace,10/1/2026,EOY2TIMT,"","","","","","","","","",39.00,"","","",39.00,"","","",39.00
Wellington 13860 Wellington Trace,10/1/2026,5SBZJY3S,"","","","","","","","","",77.00,"","","",77.00,"","","",77.00
Boynton Beach 1100 N Congress Ave,10/1/2026,F43U2QAD,"","","","","","","","","",49.00,"","","",49.00,"","","",49.00
Lake Worth 8777 Hypoluxo Road,10/1/2026,0GKFQHU6,"","","","","","","","","",98.00,"","","",98.00,"","","",98.00
Boynton Beach 1100 N Congress Ave,10/1/2026,91VEY0AC,"","","","","","","","","",39.00,"","","",39.00,"","","",39.00
West Palm Beach 771 Village Blvd,10/1/2026,53IB6C5W,"","","","","","","","","",49.00,"","","",49.00,"","","",49.00
Wellington 13860 Wellington Trace,10/1/2026,89EXDWY4,"","","","","","","","","",39.00,"","","",39.00,"","","",39.00
Lake Worth 8777 Hypoluxo Road,10/1/2026,HOWUBXGZ,"","","","","","","","","",39.00,"","","",39.00,"","","",39.00
Wellington 13860 Wellington Trace,10/1/2026,7FX9OV2O,"","","","","","","","","",39.00,"","","",39.00,"","","",39.00
Boynton Beach 1100 N Congress Ave,10/1/2026,06BFTRHN,"","","","","","","","","",49.00,"","","",49.00,"","","",49.00
Lake Worth 8777 Hypoluxo Road,10/1/2026,KCABFNCD,"","","","","","","","","",39.00,"","","",39.00,"","","",39.00
Lake Worth 8777 Hypoluxo Road,10/1/2026,00VIQ45M,"","","","","","","","","",39.00,"","","",39.00,"","","",39.00
Wellington 13860 Wellington Trace,10/1/2026,9VA8F5F6,"","","","","","","","","",39.00,"","","",39.00,"","","",39.00
Lake Worth 8777 Hypoluxo Road,10/1/2026,239RPPYD,"","","","","","","","","",39.00,"","","",39.00,"","","",39.00
Wellington 13860 Wellington Trace,10/1/2026,IR0HTRLM,"","","","","","","","","",39.00,"","","",39.00,"","","",39.00
Lake Worth 8777 Hypoluxo Road,10/1/2026,A8V7M2LQ,"","","","","","","","","",39.00,"","","",39.00,"","","",39.00
Boynton Beach 1100 N Congress Ave,10/1/2026,7RNEB39S,"","","","","","","","","",39.00,"","","",39.00,"","","",39.00
Wellington 13860 Wellington Trace,10/1/2026,RUPY3JQV,"","","","","","","","","",39.00,"","","",39.00,"","","",39.00
West Palm Beach 771 Village Blvd,10/1/2026,M9OHN9AY,"","","","","","","","","",30.00,"","","",30.00,"","","",30.00
West Palm Beach 771 Village Blvd,10/1/2026,TVFGUCGO,"","","","","","","","","",39.00,"","","",39.00,"","","",39.00
Boynton Beach 1100 N Congress Ave,10/1/2026,TLJ3LWQO,"","","","","","","","","",49.00,"","","",49.00,"","","",49.00
Boynton Beach 1100 N Congress Ave,10/1/2026,08R67IID,"","","","","","","","","",39.00,"","","",39.00,"","","",39.00
Lake Worth 8777 Hypoluxo Road,10/1/2026,CTMQWUM0,"","","","","","","","","",49.00,"","","",49.00,"","","",49.00
Wellington 13860 Wellington Trace,10/1/2026,UA73VMW6,"","","","","","","","","",39.00,"","","",39.00,"","","",39.00
Boynton Beach 1100 N Congress Ave,10/1/2026,OOIAOYPW,"","","","","","","","","",38.00,"","","",38.00,"","","",38.00
Lake Worth 8777 Hypoluxo Road,10/1/2026,APY99UVO,"","","","","","","","","",61.00,"","","",61.00,"","","",61.00
Wellington 13860 Wellington Trace,10/1/2026,TVWJMPHA,"","","","","","","","","",98.00,"","","",98.00,"","","",98.00
Boynton Beach 1100 N Congress Ave,10/1/2026,SFYX41YS,"","","","","","","","","",49.00,"","","",49.00,"","","",49.00
Wellington 13860 Wellington Trace,10/1/2026,EI453PWZ,"","","","","","","","","",98.00,"","","",98.00,"","","",98.00
West Palm Beach 771 Village Blvd,10/1/2026,MAO20BND,"","","","","","","","","",39.00,"","","",39.00,"","","",39.00
West Palm Beach 771 Village Blvd,10/1/2026,GCOBG9SB,"","","","","","","","","",50.00,"","","",50.00,"","","",50.00
West Palm Beach 771 Village Blvd,10/1/2026,8VTA6OMP,"","","","","","","","","",107.00,"","","",107.00,"","","",107.00
West Palm Beach 771 Village Blvd,10/1/2026,FAMFR8FC,"","","","","","","","","",30.00,"","","",30.00,"","","",30.00
Wellington 13860 Wellington Trace,10/1/2026,7JJ1MVUR,"","","","","","","","","",78.00,"","","",78.00,"","","",78.00
Wellington 13860 Wellington Trace,10/1/2026,UD3TFEET,"","","","","","","","","",49.00,"","","",49.00,"","","",49.00
Boynton Beach 1100 N Congress Ave,10/1/2026,NYGMN03R,"","","","","","","","","",49.00,"","","",49.00,"","","",49.00
Wellington 13860 Wellington Trace,10/1/2026,EQ1DCZFF,"","","","","","","","","",78.00,"","","",78.00,"","","",78.00
West Palm Beach 771 Village Blvd,10/1/2026,CCV6O2Q5,"","","","","","","","","",69.00,"","","",69.00,"","","",69.00
West Palm Beach 771 Village Blvd,10/1/2026,5UNNHBZ3,"","","","","","","","","",49.00,"","","",49.00,"","","",49.00
West Palm Beach 771 Village Blvd,10/1/2026,9RPA1680,"","","","","","","","","",78.00,"","","",78.00,"","","",78.00
Lake Worth 8777 Hypoluxo Road,10/1/2026,MUFE11MR,"","","","","","","","","",117.00,"","","",117.00,"","","",117.00
Boynton Beach 1100 N Congress Ave,10/1/2026,CAVBU96A,"","","","","","","","","",49.00,"","","",49.00,"","","",49.00
West Palm Beach 771 Village Blvd,10/1/2026,BM1IB5GS,"","","","","","","","","",49.00,"","","",49.00,"","","",49.00
Boynton Beach 1100 N Congress Ave,10/1/2026,QLMEDBQP,"","","","","","","","","",39.00,"","","",39.00,"","","",39.00
Wellington 13860 Wellington Trace,10/1/2026,HAUP89BQ,"","","","","","","","","",49.00,"","","",49.00,"","","",49.00
Wellington 13860 Wellington Trace,10/1/2026,29451T4Y,"","","","","","","","","",39.00,"","","",39.00,"","","",39.00
Wellington 13860 Wellington Trace,10/1/2026,G3X8LVRD,"","","","","","","","","",49.00,"","","",49.00,"","","",49.00
West Palm Beach 771 Village Blvd,10/1/2026,1VEQZB9X,"","","","","","","","","",39.00,"","","",39.00,"","","",39.00
West Palm Beach 771 Village Blvd,10/1/2026,7MWXDY6S,"","","","","","","","","",39.00,"","","",39.00,"","","",39.00
West Palm Beach 771 Village Blvd,10/1/2026,54EEVVEU,"","","","","","","","","",49.00,"","","",49.00,"","","",49.00
Boynton Beach 1100 N Congress Ave,10/1/2026,1EG9S94O,"","","","","","","","","",49.00,"","","",49.00,"","","",49.00
Lake Worth 8777 Hypoluxo Road,10/1/2026,4Q6GCPPV,"","","","","","","","","",58.00,"","","",58.00,"","","",58.00
Boynton Beach 1100 N Congress Ave,10/1/2026,OX94KPP6,"","","","","","","","","",49.00,"","","",49.00,"","","",49.00
West Palm Beach 771 Village Blvd,10/1/2026,BKSXOK83,"","","","","","","","","",39.00,"","","",39.00,"","","",39.00
Wellington 13860 Wellington Trace,10/1/2026,GI0O7DSH,"","","","","","","","","",88.00,"","","",88.00,"","","",88.00
West Palm Beach 771 Village Blvd,10/1/2026,LV8UB5UN,"","","","","","","","","",39.00,"","","",39.00,"","","",39.00
Lake Worth 8777 Hypoluxo Road,10/1/2026,OH8JZ2UR,"","","","","","","","","",39.00,"","","",39.00,"","","",39.00
Boynton Beach 1100 N Congress Ave,10/1/2026,5VY9I89M,"","","","","","","","","",39.00,"","","",39.00,"","","",39.00
Lake Worth 8777 Hypoluxo Road,10/1/2026,KWHF4IFC,"","","","","","","","","",39.00,"","","",39.00,"","","",39.00
West Palm Beach 771 Village Blvd,10/1/2026,1X5OORNS,"","","","","","","","","",45.00,"","","",45.00,"","","",45.00
Wellington 13860 Wellington Trace,10/1/2026,2F7EHBK1,"","","","","","","","","",39.00,"","","",39.00,"","","",39.00
Wellington 13860 Wellington Trace,10/1/2026,GYCA8BUP,"","","","","","","","","",129.00,"","","",129.00,"","","",129.00
Wellington 13860 Wellington Trace,10/1/2026,QPAVCFA6,"","","","","","","","","",78.00,"","","",78.00,"","","",78.00
Lake Worth 8777 Hypoluxo Road,10/1/2026,LUP4UP67,"","","","","","","","","",78.00,"","","",78.00,"","","",78.00
Wellington 13860 Wellington Trace,10/1/2026,O63VSFES,"","","","","","","","","",39.00,"","","",39.00,"","","",39.00
Boynton Beach 1100 N Congress Ave,10/1/2026,PHRC571O,"","","","","","","","","",35.00,"","","",35.00,"","","",35.00
Boynton Beach 1100 N Congress Ave,10/1/2026,PJM2RWPI,"","","","","","","","","",39.00,"","","",39.00,"","","",39.00
Lake Worth 8777 Hypoluxo Road,10/1/2026,KRH2L66B,"","","","","","","","","",39.00,"","","",39.00,"","","",39.00
West Palm Beach 771 Village Blvd,10/1/2026,40NUHJ1F,"","","","","","","","","",49.00,"","","",49.00,"","","",49.00
Lake Worth 8777 Hypoluxo Road,10/1/2026,ANPTIPJO,"","","","","","","","","",49.00,"","","",49.00,"","","",49.00
Boynton Beach 1100 N Congress Ave,10/1/2026,F51T8LH3,"","","","","","","","","",39.00,"","","",39.00,"","","",39.00
Wellington 13860 Wellington Trace,10/1/2026,TZM74X4F,"","","","","","","","","",39.00,"","","",39.00,"","","",39.00
Wellington 13860 Wellington Trace,10/1/2026,L9BOAKBC,"","","","","","","","","",39.00,"","","",39.00,"","","",39.00
Boynton Beach 1100 N Congress Ave,10/1/2026,9OY8RWVI,"","","","","","","","","",38.00,"","","",38.00,"","","",38.00
West Palm Beach 771 Village Blvd,10/1/2026,1R8UTGQG,"","","","","","","","","",98.00,"","","",98.00,"","","",98.00
Lake Worth 8777 Hypoluxo Road,10/1/2026,RH706BAZ,"","","","","","","","","",49.00,"","","",49.00,"","","",49.00
West Palm Beach 771 Village Blvd,10/1/2026,XNB8H0A3,"","","","","","","","","",39.00,"","","",39.00,"","","",39.00
Boynton Beach 1100 N Congress Ave,10/1/2026,CBYORUCT,"","","","","","","","","",49.00,"","","",49.00,"","","",49.00
Lake Worth 8777 Hypoluxo Road,10/1/2026,4ZXI3POF,"","","","","","","","","",49.00,"","","",49.00,"","","",49.00
Lake Worth 8777 Hypoluxo Road,10/1/2026,XAWI6DHO,"","","","","","","","","",39.00,"","","",39.00,"","","",39.00
Boynton Beach 1100 N Congress Ave,10/1/2026,IZXBW927,"","","","","","","","","",38.00,"","","",38.00,"","","",38.00
Lake Worth 8777 Hypoluxo Road,10/1/2026,R1SU0HP2,"","","","","","","","","",49.00,"","","",49.00,"","","",49.00
Lake Worth 8777 Hypoluxo Road,10/1/2026,J52PH9I3,"","","","","","","","","",69.00,"","","",69.00,"","","",69.00
Lake Worth 8777 Hypoluxo Road,10/1/2026,YWIAZKZZ,"","","","","","","","","",49.00,"","","",49.00,"","","",49.00
Boynton Beach 1100 N Congress Ave,10/1/2026,ZX4LVTWB,"","","","","","","","","",39.00,"","","",39.00,"","","",39.00
Wellington 13860 Wellington Trace,10/1/2026,ISORAEBZ,"","","","","","","","","",98.00,"","","",98.00,"","","",98.00
West Palm Beach 771 Village Blvd,10/1/2026,ZC66PBRU,"","","","","","","","","",39.00,"","","",39.00,"","","",39.00
West Palm Beach 771 Village Blvd,10/1/2026,AOV8SLFH,"","","","","","","","","",39.00,"","","",39.00,"","","",39.00
Lake Worth 8777 Hypoluxo Road,10/1/2026,3VABBW5P,"","","","","","","","","",67.00,"","","",67.00,"","","",67.00
West Palm Beach 771 Village Blvd,10/1/2026,8BTF3VOY,"","","","","","","","","",49.00,"","","",49.00,"","","",49.00
Lake Worth 8777 Hypoluxo Road,10/1/2026,JC2XNWEH,"","","","","","","","","",39.00,"","","",39.00,"","","",39.00
Wellington 13860 Wellington Trace,10/1/2026,C6S4E94N,"","","","","","","","","",39.00,"","","",39.00,"","","",39.00
Boynton Beach 1100 N Congress Ave,10/1/2026,2T9MV7AO,"","","","","","","","","",138.00,"","","",138.00,"","","",138.00
Boynton Beach 1100 N Congress Ave,10/1/2026,GU8KOU9I,"","","","","","","","","",49.00,"","","",49.00,"","","",49.00
Lake Worth 8777 Hypoluxo Road,10/1/2026,FDQYSB7R,"","","","","","","","","",39.00,"","","",39.00,"","","",39.00
Wellington 13860 Wellington Trace,10/1/2026,FFU3RG7C,"","","","","","","","","",49.00,"","","",49.00,"","","",49.00
Wellington 13860 Wellington Trace,10/1/2026,9T41PCN6,"","","","","","","","","",78.00,"","","",78.00,"","","",78.00
Wellington 13860 Wellington Trace,10/1/2026,EIULW12E,"","","","","","","","","",39.00,"","","",39.00,"","","",39.00
West Palm Beach 771 Village Blvd,10/1/2026,5UH7DHJP,"","","","","","","","","",78.00,"","","",78.00,"","","",78.00
West Palm Beach 771 Village Blvd,10/1/2026,1IV1ZBHO,"","","","","","","","","",39.00,"","","",39.00,"","","",39.00
Lake Worth 8777 Hypoluxo Road,10/1/2026,2KK3XYE4,"","","","","","","","","",49.00,"","","",49.00,"","","",49.00
Wellington 13860 Wellington Trace,10/1/2026,ULGMNY8N,"","","","","","","","","",39.00,"","","",39.00,"","","",39.00
Lake Worth 8777 Hypoluxo Road,10/1/2026,DGYYHW96,"","","","","","","","","",69.00,"","","",69.00,"","","",69.00
Lake Worth 8777 Hypoluxo Road,10/1/2026,D5W5EPZ0,"","","","","","","","","",39.00,"","","",39.00,"","","",39.00
Wellington 13860 Wellington Trace,10/1/2026,W162ULME,"","","","","","","","","",39.00,"","","",39.00,"","","",39.00
Wellington 13860 Wellington Trace,10/1/2026,L0PRPHFW,"","","","","","","","","",49.00,"","","",49.00,"","","",49.00
Lake Worth 8777 Hypoluxo Road,10/1/2026,SCFD703D,"","","","","","","","","",69.00,"","","",69.00,"","","",69.00
Wellington 13860 Wellington Trace,10/1/2026,JESO2RA2,"","","","","","","","","",39.00,"","","",39.00,"","","",39.00
Lake Worth 8777 Hypoluxo Road,10/1/2026,E680N7O9,"","","","","","","","","",49.00,"","","",49.00,"","","",49.00
West Palm Beach 771 Village Blvd,10/1/2026,XVXPI4UF,"","","","","","","","","",49.00,"","","",49.00,"","","",49.00
Boynton Beach 1100 N Congress Ave,10/1/2026,XW2PSYAO,"","","","","","","","","",39.00,"","","",39.00,"","","",39.00
West Palm Beach 771 Village Blvd,10/1/2026,4RG2VIJU,"","","","","","","","","",38.00,"","","",38.00,"","","",38.00
Wellington 13860 Wellington Trace,10/1/2026,HH1QBTSE,"","","","","","","","","",39.00,"","","",39.00,"","","",39.00
Wellington 13860 Wellington Trace,10/1/2026,EYCI0DKR,"","","","","","","","","",49.00,"","","",49.00,"","","",49.00
Wellington 13860 Wellington Trace,10/1/2026,HW27LS5C,"","","","","","","","","",39.00,"","","",39.00,"","","",39.00
Lake Worth 8777 Hypoluxo Road,10/1/2026,786EWGSC,"","","","","","","","","",49.00,"","","",49.00,"","","",49.00
West Palm Beach 771 Village Blvd,10/1/2026,50QFC9SW,"","","","","","","","","",39.00,"","","",39.00,"","","",39.00
Wellington 13860 Wellington Trace,10/1/2026,86JJ0X2T,"","","","","","","","","",39.00,"","","",39.00,"","","",39.00
Wellington 13860 Wellington Trace,10/1/2026,AYGX04TV,"","","","","","","","","",78.00,"","","",78.00,"","","",78.00
Wellington 13860 Wellington Trace,10/1/2026,8DEESTO6,"","","","","","","","","",58.75,"","","",58.75,"","","",58.75
West Palm Beach 771 Village Blvd,10/1/2026,NW6B4DCP,"","","","","","","","","",39.00,"","","",39.00,"","","",39.00
Lake Worth 8777 Hypoluxo Road,10/1/2026,IO5B1I8V,"","","","","","","","","",49.00,"","","",49.00,"","","",49.00
Lake Worth 8777 Hypoluxo Road,10/1/2026,ARN8VOX8,"","","","","","","","","",49.00,"","","",49.00,"","","",49.00
Wellington 13860 Wellington Trace,10/1/2026,WJY3VZ1G,"","","","","","","","","",39.00,"","","",39.00,"","","",39.00
Boynton Beach 1100 N Congress Ave,10/1/2026,4DH3PUR7,"","","","","","","","","",78.00,"","","",78.00,"","","",78.00
Lake Worth 8777 Hypoluxo Road,10/1/2026,3Q2UDKRO,"","","","","","","","","",39.00,"","","",39.00,"","","",39.00
West Palm Beach 771 Village Blvd,10/1/2026,HSHKD648,"","","","","","","","","",39.00,"","","",39.00,"","","",39.00
Boynton Beach 1100 N Congress Ave,10/1/2026,9W8K7IDQ,"","","","","","","","","",39.00,"","","",39.00,"","","",39.00
Lake Worth 8777 Hypoluxo Road,10/1/2026,DKLX7J2H,"","","","","","","","","",39.00,"","","",39.00,"","","",39.00
Lake Worth 8777 Hypoluxo Road,10/1/2026,Z49SXRBA,"","","","","","","","","",49.00,"","","",49.00,"","","",49.00
Boynton Beach 1100 N Congress Ave,10/1/2026,OM5R4OJL,"","","","","","","","","",39.00,"","","",39.00,"","","",39.00
Lake Worth 8777 Hypoluxo Road,10/1/2026,J9ERIQEC,"","","","","","","","","",39.00,"","","",39.00,"","","",39.00
Wellington 13860 Wellington Trace,10/1/2026,YZCH3H5O,"","","","","","","","","",77.00,"","","",77.00,"","","",77.00
Lake Worth 8777 Hypoluxo Road,10/1/2026,OAZMJ9O4,"","","","","","","","","",39.00,"","","",39.00,"","","",39.00
Wellington 13860 Wellington Trace,10/1/2026,BZAQ2KKJ,"","","","","","","","","",39.00,"","","",39.00,"","","",39.00
Boynton Beach 1100 N Congress Ave,10/1/2026,XBBSJ8H6,"","","","","","","","","",49.00,"","","",49.00,"","","",49.00
Lake Worth 8777 Hypoluxo Road,10/1/2026,2P7F5MBQ,"","","","","","","","","",107.25,"","","",107.25,"","","",107.25
Wellington 13860 Wellington Trace,10/1/2026,LYS3MYH5,"","","","","","","","","",39.00,"","","",39.00,"","","",39.00
Lake Worth 8777 Hypoluxo Road,10/1/2026,PUGI24PB,"","","","","","","","","",39.00,"","","",39.00,"","","",39.00
West Palm Beach 771 Village Blvd,10/1/2026,328U71WD,"","","","","","","","","",49.00,"","","",49.00,"","","",49.00
West Palm Beach 771 Village Blvd,10/1/2026,NT8UFMMF,"","","","","","","","","",49.00,"","","",49.00,"","","",49.00
Wellington 13860 Wellington Trace,10/1/2026,6O8HLK1C,"","","","","","","","","",39.00,"","","",39.00,"","","",39.00
Wellington 13860 Wellington Trace,10/1/2026,DIUXGLAH,"","","","","","","","","",78.00,"","","",78.00,"","","",78.00
Wellington 13860 Wellington Trace,10/1/2026,86T02NYS,"","","","","","","","","",39.00,"","","",39.00,"","","",39.00
Lake Worth 8777 Hypoluxo Road,10/1/2026,UOKDOEDG,T9Q8TFUOAB,60.00,-1.50,"","","","","","","","","","",60.00,-54.00,-1.50,"",4.50
West Palm Beach 771 Village Blvd,10/1/2026,CRGEEM8A,"","","","","","","","","",69.00,"","","",69.00,"","","",69.00
West Palm Beach 771 Village Blvd,10/1/2026,2V7D98GJ,"","","","","","","","","",49.00,"","","",49.00,"","","",49.00
West Palm Beach 771 Village Blvd,10/1/2026,JJOC7BQX,"","","","","","","","","",39.00,"","","",39.00,"","","",39.00
Wellington 13860 Wellington Trace,10/1/2026,SUDGSDN8,"","","","","","","","","",49.00,"","","",49.00,"","","",49.00
Wellington 13860 Wellington Trace,10/1/2026,BNHALB8V,"","","","","","","","","",39.00,"","","",39.00,"","","",39.00
Lake Worth 8777 Hypoluxo Road,10/1/2026,YHVUDKVX,"","","","","","","","","",49.00,"","","",49.00,"","","",49.00
Lake Worth 8777 Hypoluxo Road,10/1/2026,C9IURW13,"","","","","","","","","",78.00,"","","",78.00,"","","",78.00
Wellington 13860 Wellington Trace,10/1/2026,P1TSFA4S,"","","","","","","","","",39.00,"","","",39.00,"","","",39.00
Lake Worth 8777 Hypoluxo Road,10/1/2026,L7O55ZWP,"","","","","","","","","",39.00,"","","",39.00,"","","",39.00
Boynton Beach 1100 N Congress Ave,10/1/2026,X1P9DM4E,"","","","","","","","","",49.00,"","","",49.00,"","","",49.00
Lake Worth 8777 Hypoluxo Road,10/1/2026,YKU95K4H,BF4QDG0ZKN,125.00,"","","","","","","","","","","",125.00,"","","",125.00
Lake Worth 8777 Hypoluxo Road,10/1/2026,7XC2VEAY,"","","","","","","","","",69.00,"","","",69.00,"","","",69.00
Boynton Beach 1100 N Congress Ave,10/1/2026,J9O4D91Z,"","","","","","","","","",39.00,"","","",39.00,"","","",39.00
West Palm Beach 771 Village Blvd,10/1/2026,X3JSBFS3,"","","","","","","","","",49.00,"","","",49.00,"","","",49.00
Wellington 13860 Wellington Trace,10/1/2026,IQ1SW6PB,"","","","","","","","","",39.00,"","","",39.00,"","","",39.00
Wellington 13860 Wellington Trace,10/1/2026,LTYHA543,"","","","","","","","","",39.00,"","","",39.00,"","","",39.00
West Palm Beach 771 Village Blvd,10/1/2026,4223H4Q7,"","","","","","","","","",39.00,"","","",39.00,"","","",39.00
Boynton Beach 1100 N Congress Ave,10/1/2026,PBPOR8Y8,"","","","","","","","","",98.00,"","","",98.00,"","","",98.00
Boynton Beach 1100 N Congress Ave,10/1/2026,X71FIC3N,"","","","","","","","","",49.00,"","","",49.00,"","","",49.00
Lake Worth 8777 Hypoluxo Road,10/1/2026,C99HJIPD,"","","","","","","","","",78.00,"","","",78.00,"","","",78.00
Lake Worth 8777 Hypoluxo Road,10/1/2026,7Q2E4S0R,"","","","","","","","","",39.00,"","","",39.00,"","","",39.00
Boynton Beach 1100 N Congress Ave,10/1/2026,G512IR4P,"","","","","","","","","",49.00,"","","",49.00,"","","",49.00
Lake Worth 8777 Hypoluxo Road,10/1/2026,E83L04QD,"","","","","","","","","",49.00,"","","",49.00,"","","",49.00
Lake Worth 8777 Hypoluxo Road,10/1/2026,6BOH95TK,"","","","","","","","","",49.00,"","","",49.00,"","","",49.00
Boynton Beach 1100 N Congress Ave,10/1/2026,F8PTVPU4,"","","","","","","","","",49.00,"","","",49.00,"","","",49.00
Boynton Beach 1100 N Congress Ave,10/1/2026,C26CZ56T,"","","","","","","","","",39.00,"","","",39.00,"","","",39.00
Wellington 13860 Wellington Trace,10/1/2026,FTKMW9KJ,"","","","","","","","","",39.00,"","","",39.00,"","","",39.00
Wellington 13860 Wellington Trace,10/1/2026,IW44C9IF,"","","","","","","","","",39.00,"","","",39.00,"","","",39.00
Wellington 13860 Wellington Trace,10/1/2026,U45N0RL7,"","","","","","","","","",49.00,"","","",49.00,"","","",49.00
Wellington 13860 Wellington Trace,10/1/2026,SZN78OVV,"","","","","","","","","",39.00,"","","",39.00,"","","",39.00
West Palm Beach 771 Village Blvd,10/1/2026,92T0V420,"","","","","","","","","",49.00,"","","",49.00,"","","",49.00
Lake Worth 8777 Hypoluxo Road,10/1/2026,D52NP8IS,"","","","","","","","","",39.00,"","","",39.00,"","","",39.00
Boynton Beach 1100 N Congress Ave,10/1/2026,11EAO3I9,"","","","","","","","","",39.00,"","","",39.00,"","","",39.00
Wellington 13860 Wellington Trace,10/1/2026,LMJOJM61,"","","","","","","","","",89.50,"","","",89.50,"","","",89.50
Wellington 13860 Wellington Trace,10/1/2026,1SSX5XML,"","","","","","","","","",77.00,"","","",77.00,"","","",77.00
West Palm Beach 771 Village Blvd,10/1/2026,D2B69HCY,"","","","","","","","","",69.00,"","","",69.00,"","","",69.00
West Palm Beach 771 Village Blvd,10/1/2026,JDXC4NC0,"","","","","","","","","",39.00,"","","",39.00,"","","",39.00
West Palm Beach 771 Village Blvd,10/1/2026,YE6E4L29,"","","","","","","","","",39.00,"","","",39.00,"","","",39.00
West Palm Beach 771 Village Blvd,10/1/2026,Q5Q626GD,"","","","","","","","","",39.00,"","","",39.00,"","","",39.00
West Palm Beach 771 Village Blvd,10/1/2026,RLZBZG99,"","","","","","","","","",39.00,"","","",39.00,"","","",39.00
Wellington 13860 Wellington Trace,10/1/2026,62JEX2YH,"","","","","","","","","",69.00,"","","",69.00,"","","",69.00
Lake Worth 8777 Hypoluxo Road,10/1/2026,GWLPTUJ8,"","","","","","","","","",35.00,"","","",35.00,"","","",35.00
Lake Worth 8777 Hypoluxo Road,10/1/2026,5UKVHP4I,"","","","","","","","","",39.00,"","","",39.00,"","","",39.00
Wellington 13860 Wellington Trace,10/1/2026,181WFTU3,"","","","","","","","","",66.00,"","","",66.00,"","","",66.00
West Palm Beach 771 Village Blvd,10/1/2026,0FJO5VW1,"","","","","","","","","",39.00,"","","",39.00,"","","",39.00
Lake Worth 8777 Hypoluxo Road,10/1/2026,02ZPHU94,"","","","","","","","","",39.00,"","","",39.00,"","","",39.00
Boynton Beach 1100 N Congress Ave,10/1/2026,9X45W9BP,"","","","","","","","","",49.00,"","","",49.00,"","","",49.00
Wellington 13860 Wellington Trace,10/1/2026,O2Y29ZJS,"","","","","","","","","",49.00,"","","",49.00,"","","",49.00
Lake Worth 8777 Hypoluxo Road,10/1/2026,S16ZD2DI,5NGB8U8XEN,98.00,-11.00,"","","","","","","","","","",98.00,-54.00,-11.00,"",33.00
West Palm Beach 771 Village Blvd,10/1/2026,0IN2ZI0Y,"","","","","","","","","",98.00,"","","",98.00,"","","",98.00
Lake Worth 8777 Hypoluxo Road,10/1/2026,IC6VYPMR,"","","","","","","","","",49.00,"","","",49.00,"","","",49.00
West Palm Beach 771 Village Blvd,10/1/2026,Y5NNHOZA,"","","","","","","","","",39.00,"","","",39.00,"","","",39.00
Boynton Beach 1100 N Congress Ave,10/1/2026,METLBING,"","","","","","","","","",39.00,"","","",39.00,"","","",39.00
Wellington 13860 Wellington Trace,10/1/2026,G7M5A621,"","","","","","","","","",98.00,"","","",98.00,"","","",98.00
Wellington 13860 Wellington Trace,10/1/2026,YSJZR6OE,"","","","","","","","","",49.00,"","","",49.00,"","","",49.00
Wellington 13860 Wellington Trace,10/1/2026,JXWRV34L,"","","","","","","","","",67.00,"","","",67.00,"","","",67.00
Wellington 13860 Wellington Trace,10/1/2026,71KOLUD6,"","","","","","","","","",98.00,"","","",98.00,"","","",98.00
Wellington 13860 Wellington Trace,10/1/2026,11O3BS3G,"","","","","","","","","",39.00,"","","",39.00,"","","",39.00
Boynton Beach 1100 N Congress Ave,10/1/2026,9VLPS3N4,"","","","","","","","","",39.00,"","","",39.00,"","","",39.00
Lake Worth 8777 Hypoluxo Road,10/1/2026,LOERMKUS,"","","","","","","","","",39.00,"","","",39.00,"","","",39.00
West Palm Beach 771 Village Blvd,10/1/2026,XL08FJ2W,"","","","","","","","","",39.00,"","","",39.00,"","","",39.00
Boynton Beach 1100 N Congress Ave,10/1/2026,DW85UXAK,"","","","","","","","","",49.00,"","","",49.00,"","","",49.00
Boynton Beach 1100 N Congress Ave,10/1/2026,G0YWZBF1,"","","","","","","","","",78.00,"","","",78.00,"","","",78.00
Lake Worth 8777 Hypoluxo Road,10/1/2026,V86V3TCP,"","","","","","","","","",39.00,"","","",39.00,"","","",39.00
Wellington 13860 Wellington Trace,10/1/2026,TRSH27ES,"","","","","","","","","",98.00,"","","",98.00,"","","",98.00
Lake Worth 8777 Hypoluxo Road,10/1/2026,GW7867AE,"","","","","","","","","",78.00,"","","",78.00,"","","",78.00
Lake Worth 8777 Hypoluxo Road,10/1/2026,Y3P87T2R,"","","","","","","","","",58.00,"","","",58.00,"","","",58.00
West Palm Beach 771 Village Blvd,10/1/2026,IKVACVDC,"","","","","","","","","",39.00,"","","",39.00,"","","",39.00
Wellington 13860 Wellington Trace,10/1/2026,AD9SH4RL,"","","","","","","","","",156.00,"","","",156.00,"","","",156.00
Boynton Beach 1100 N Congress Ave,10/1/2026,NYCNXT8F,"","","","","","","","","",98.00,"","","",98.00,"","","",98.00
Wellington 13860 Wellington Trace,10/1/2026,RFNODWM3,"","","","","","","","","",39.00,"","","",39.00,"","","",39.00
Wellington 13860 Wellington Trace,10/1/2026,A75CJDA5,"","","","","","","","","",39.00,"","","",39.00,"","","",39.00
Wellington 13860 Wellington Trace,10/1/2026,IBJ8LYDA,"","","","","","","","","",39.00,"","","",39.00,"","","",39.00
Lake Worth 8777 Hypoluxo Road,10/1/2026,ABRWB01Y,"","","","","","","","","",39.00,"","","",39.00,"","","",39.00
Boynton Beach 1100 N Congress Ave,10/1/2026,S9CMCN5C,"","","","","","","","","",118.00,"","","",118.00,"","","",118.00
West Palm Beach 771 Village Blvd,10/1/2026,TT1VV01H,"","","","","","","","","",39.00,"","","",39.00,"","","",39.00
West Palm Beach 771 Village Blvd,10/1/2026,SSRE4KCI,"","","","","","","","","",49.00,"","","",49.00,"","","",49.00
Wellington 13860 Wellington Trace,10/1/2026,VG4BKHTH,"","","","","","","","","",39.00,"","","",39.00,"","","",39.00
Wellington 13860 Wellington Trace,10/1/2026,NHOV5OL1,"","","","","","","","","",39.00,"","","",39.00,"","","",39.00
West Palm Beach 771 Village Blvd,10/1/2026,CNF13G4J,"","","","","","","","","",39.00,"","","",39.00,"","","",39.00
Wellington 13860 Wellington Trace,10/1/2026,G1IJQNK1,"","","","","","","","","",98.00,"","","",98.00,"","","",98.00
West Palm Beach 771 Village Blvd,10/1/2026,LVZ41U0Q,"","","","","","","","","",39.00,"","","",39.00,"","","",39.00
Boynton Beach 1100 N Congress Ave,10/1/2026,LLET1XZH,"","","","","","","","","",97.00,"","","",97.00,"","","",97.00
West Palm Beach 771 Village Blvd,10/1/2026,BSOBEMCK,"","","","","","","","","",39.00,"","","",39.00,"","","",39.00
Lake Worth 8777 Hypoluxo Road,10/1/2026,6HNWUKBK,"","","","","","","","","",98.00,"","","",98.00,"","","",98.00
Wellington 13860 Wellington Trace,10/1/2026,M92M1WYO,"","","","","","","","","",69.00,"","","",69.00,"","","",69.00
West Palm Beach 771 Village Blvd,10/1/2026,DKFW02L2,"","","","","","","","","",67.00,"","","",67.00,"","","",67.00
Lake Worth 8777 Hypoluxo Road,10/1/2026,ZRY56VSO,"","","","","","","","","",39.00,"","","",39.00,"","","",39.00
Wellington 13860 Wellington Trace,10/1/2026,GFT11OGB,"","","","","","","","","",49.00,"","","",49.00,"","","",49.00
Wellington 13860 Wellington Trace,10/1/2026,DVHULQZ9,"","","","","","","","","",39.00,"","","",39.00,"","","",39.00
Boynton Beach 1100 N Congress Ave,10/1/2026,D91GMMKB,"","","","","","","","","",39.00,"","","",39.00,"","","",39.00
Wellington 13860 Wellington Trace,10/1/2026,0WGQXEHU,"","","","","","","","","",39.00,"","","",39.00,"","","",39.00
Wellington 13860 Wellington Trace,10/1/2026,QZGNLOAO,"","","","","","","","","",39.00,"","","",39.00,"","","",39.00
Wellington 13860 Wellington Trace,10/1/2026,RO5OIDKK,"","","","","","","","","",98.00,"","","",98.00,"","","",98.00
West Palm Beach 771 Village Blvd,10/1/2026,ERTGXOV4,"","","","","","","","","",49.00,"","","",49.00,"","","",49.00
Wellington 13860 Wellington Trace,10/1/2026,K4S3EQFW,"","","","","","","","","",98.00,"","","",98.00,"","","",98.00
West Palm Beach 771 Village Blvd,10/1/2026,EL4XVDCA,"","","","","","","","","",39.00,"","","",39.00,"","","",39.00
Lake Worth 8777 Hypoluxo Road,10/1/2026,JG0X1CUZ,"0HX5ZO0KT1,DP3DNIC9S4",108.00,"","","","","","","","","","","",108.00,-108.00,"","",""
West Palm Beach 771 Village Blvd,10/1/2026,OWKE16S6,"","","","","","","","","",49.00,"","","",49.00,"","","",49.00
Boynton Beach 1100 N Congress Ave,10/1/2026,0IPU9UTE,"","","","","","","","","",49.00,"","","",49.00,"","","",49.00
Boynton Beach 1100 N Congress Ave,10/1/2026,UVB71YIA,"","","","","","","","","",39.00,"","","",39.00,"","","",39.00
Lake Worth 8777 Hypoluxo Road,10/1/2026,VRBIU9WG,"","","","","","","","","",49.00,"","","",49.00,"","","",49.00
West Palm Beach 771 Village Blvd,10/1/2026,JWBZGOGY,"","","","","","","","","",39.00,"","","",39.00,"","","",39.00
Lake Worth 8777 Hypoluxo Road,10/1/2026,KXEAIF2Q,"","","","","","","","","",39.00,"","","",39.00,"","","",39.00
West Palm Beach 771 Village Blvd,10/1/2026,LIVLHOJG,"","","","","","","","","",39.00,"","","",39.00,"","","",39.00
Wellington 13860 Wellington Trace,10/1/2026,9BUP2QYS,"","","","","","","","","",98.00,"","","",98.00,"","","",98.00
Boynton Beach 1100 N Congress Ave,10/1/2026,Y83N51MH,"","","","","","","","","",39.00,"","","",39.00,"","","",39.00
Boynton Beach 1100 N Congress Ave,10/1/2026,55RWCJMN,"","","","","","","","","",39.00,"","","",39.00,"","","",39.00
Lake Worth 8777 Hypoluxo Road,10/1/2026,TBZML2XA,"","","","","","","","","",39.00,"","","",39.00,"","","",39.00
Lake Worth 8777 Hypoluxo Road,10/1/2026,X6Z0UJOO,"","","","","","","","","",39.00,"","","",39.00,"","","",39.00
Boynton Beach 1100 N Congress Ave,10/1/2026,3OWXCAG1,"","","","","","","","","",49.00,"","","",49.00,"","","",49.00
West Palm Beach 771 Village Blvd,10/1/2026,1UFLXCE5,"","","","","","","","","",39.00,"","","",39.00,"","","",39.00
Boynton Beach 1100 N Congress Ave,10/1/2026,5EEEPLBX,"","","","","","","","","",49.00,"","","",49.00,"","","",49.00
Wellington 13860 Wellington Trace,10/1/2026,GQFB8677,"","","","","","","","","",49.00,"","","",49.00,"","","",49.00
Lake Worth 8777 Hypoluxo Road,10/1/2026,Z9FTD8ZM,"","","","","","","","","",39.00,"","","",39.00,"","","",39.00
Wellington 13860 Wellington Trace,10/1/2026,KATK7MU3,"","","","","","","","","",49.00,"","","",49.00,"","","",49.00
Boynton Beach 1100 N Congress Ave,10/1/2026,N0CICKG8,"","","","","","","","","",28.00,"","","",28.00,"","","",28.00
Wellington 13860 Wellington Trace,10/1/2026,YFK6MV7R,"","","","","","","","","",38.00,"","","",38.00,"","","",38.00
West Palm Beach 771 Village Blvd,10/1/2026,K50XBY0B,"","","","","","","","","",49.00,"","","",49.00,"","","",49.00
Wellington 13860 Wellington Trace,10/1/2026,NQTLC1N1,"","","","","","","","","",58.00,"","","",58.00,"","","",58.00
Wellington 13860 Wellington Trace,10/1/2026,Q4YBRLY2,"","","","","","","","","",232.00,"","","",232.00,"","","",232.00
Boynton Beach 1100 N Congress Ave,10/1/2026,ZLEHZOZU,"","","","","","","","","",38.00,"","","",38.00,"","","",38.00
Lake Worth 8777 Hypoluxo Road,10/1/2026,139TKRW1,"","","","","","","","","",38.00,"","","",38.00,"","","",38.00
Wellington 13860 Wellington Trace,10/1/2026,OGWB41PH,"","","","","","","","","",56.00,"","","",56.00,"","","",56.00
Boynton Beach 1100 N Congress Ave,10/1/2026,Q0HL7WF7,"","","","","","","","","",28.00,"","","",28.00,"","","",28.00
Lake Worth 8777 Hypoluxo Road,10/1/2026,MFQ10GAG,"","","","","","","","","",28.00,"","","",28.00,"","","",28.00
Lake Worth 8777 Hypoluxo Road,10/1/2026,T0PMXZOS,"","","","","","","","","",28.00,"","","",28.00,"","","",28.00
Wellington 13860 Wellington Trace,10/1/2026,MAR1HHFS,"","","","","","","","","",28.00,"","","",28.00,"","","",28.00
West Palm Beach 771 Village Blvd,10/1/2026,EBDEE1W0,"","","","","","","","","",28.00,"","","",28.00,"","","",28.00
Lake Worth 8777 Hypoluxo Road,10/1/2026,RUNQDVSM,"","","","","","","","","",28.00,"","","",28.00,"","","",28.00
Boynton Beach 1100 N Congress Ave,10/1/2026,2EGMZZKU,"","","","","","","","","",28.00,"","","",28.00,"","","",28.00
Lake Worth 8777 Hypoluxo Road,10/1/2026,V8BOG5QY,"","","","","","","","","",28.00,"","","",28.00,"","","",28.00
Lake Worth 8777 Hypoluxo Road,10/1/2026,S3RFJZ9M,"","","","","","","","","",28.00,"","","",28.00,"","","",28.00
Boynton Beach 1100 N Congress Ave,10/1/2026,ITPWVNK9,"","","","","","","","","",50.00,"","","",50.00,"","","",50.00
Lake Worth 8777 Hypoluxo Road,10/1/2026,JYK27J8R,"","","","","","","","","",38.00,"","","",38.00,"","","",38.00
Lake Worth 8777 Hypoluxo Road,10/1/2026,XFE1J21O,"","","","","","","","","",28.00,"","","",28.00,"","","",28.00
West Palm Beach 771 Village Blvd,10/1/2026,5UZGI6FW,"","","","","","","","","",28.00,"","","",28.00,"","","",28.00
Boynton Beach 1100 N Congress Ave,10/1/2026,MHH6T81S,"","","","","","","","","",28.00,"","","",28.00,"","","",28.00
Boynton Beach 1100 N Congress Ave,10/1/2026,6VW22947,"","","","","","","","","",28.00,"","","",28.00,"","","",28.00
Wellington 13860 Wellington Trace,10/1/2026,PJ7FX4GX,"","","","","","","","","",28.00,"","","",28.00,"","","",28.00
Wellington 13860 Wellington Trace,10/1/2026,SMDV094B,"","","","","","","","","",38.00,"","","",38.00,"","","",38.00
West Palm Beach 771 Village Blvd,10/1/2026,VERJSXQR,"","","","","","","","","",28.00,"","","",28.00,"","","",28.00
Lake Worth 8777 Hypoluxo Road,10/1/2026,74CDGF0F,"","","","","","","","","",38.00,"","","",38.00,"","","",38.00
Boynton Beach 1100 N Congress Ave,10/1/2026,5WDH059T,"","","","","","","","","",38.00,"","","",38.00,"","","",38.00
Lake Worth 8777 Hypoluxo Road,10/1/2026,CEEZ2TSF,"","","","","","","","","",28.00,"","","",28.00,"","","",28.00
Lake Worth 8777 Hypoluxo Road,10/1/2026,V4672U2H,"","","","","","","","","",28.00,"","","",28.00,"","","",28.00
West Palm Beach 771 Village Blvd,10/1/2026,G2G649W7,"","","","","","","","","",28.00,"","","",28.00,"","","",28.00
Wellington 13860 Wellington Trace,10/1/2026,KH3I4NE3,"","","","","","","","","",38.00,"","","",38.00,"","","",38.00
Wellington 13860 Wellington Trace,10/1/2026,LUT8CYH9,"","","","","","","","","",38.00,"","","",38.00,"","","",38.00
Wellington 13860 Wellington Trace,10/1/2026,A1F7YWBC,"","","","","","","","","",38.00,"","","",38.00,"","","",38.00
Wellington 13860 Wellington Trace,10/1/2026,YJE16H5S,"","","","","","","","","",38.00,"","","",38.00,"","","",38.00
Wellington 13860 Wellington Trace,10/1/2026,ET0J66PM,"","","","","","","","","",38.00,"","","",38.00,"","","",38.00
Wellington 13860 Wellington Trace,10/1/2026,QHYLMKCV,"","","","","","","","","",38.00,"","","",38.00,"","","",38.00
Wellington 13860 Wellington Trace,10/1/2026,UR53WNHI,"","","","","","","","","",38.00,"","","",38.00,"","","",38.00
Wellington 13860 Wellington Trace,10/1/2026,01IHBNS5,"","","","","","","","","",76.00,"","","",76.00,"","","",76.00
Wellington 13860 Wellington Trace,10/1/2026,H0J39PUN,"","","","","","","","","",38.00,"","","",38.00,"","","",38.00
Wellington 13860 Wellington Trace,10/1/2026,WGJVQWUK,"","","","","","","","","",38.00,"","","",38.00,"","","",38.00
Lake Worth 8777 Hypoluxo Road,10/1/2026,QD4ECTD9,"","","","","","","","","",67.00,"","","",67.00,"","","",67.00
Wellington 13860 Wellington Trace,10/1/2026,T4A8P2MU,"","","","","","","","","",76.00,"","","",76.00,"","","",76.00
Boynton Beach 1100 N Congress Ave,10/1/2026,147KHUZN,"","","","","","","","","",28.00,"","","",28.00,"","","",28.00
Boynton Beach 1100 N Congress Ave,10/1/2026,18JE5YQA,"","","","","","","","","",28.00,"","","",28.00,"","","",28.00
Wellington 13860 Wellington Trace,10/1/2026,UAMAEV7P,"","","","","","","","","",134.00,"","","",134.00,"","","",134.00
Wellington 13860 Wellington Trace,10/1/2026,3H3960NY,"","","","","","","","","",76.00,"","","",76.00,"","","",76.00
Lake Worth 8777 Hypoluxo Road,10/1/2026,WC5V5DF6,"","","","","","","","","",28.00,"","","",28.00,"","","",28.00
Lake Worth 8777 Hypoluxo Road,10/1/2026,SNRYFX3X,"","","","","","","","","",38.00,"","","",38.00,"","","",38.00
Boynton Beach 1100 N Congress Ave,10/1/2026,X8FKWA8V,"","","","","","","","","",28.00,"","","",28.00,"","","",28.00
Wellington 13860 Wellington Trace,10/1/2026,AAI2SGUU,"","","","","","","","","",38.00,"","","",38.00,"","","",38.00
Boynton Beach 1100 N Congress Ave,10/1/2026,PPH7Q4SJ,"","","","","","","","","",28.00,"","","",28.00,"","","",28.00
Wellington 13860 Wellington Trace,10/1/2026,8I47EPVI,"","","","","","","","","",38.00,"","","",38.00,"","","",38.00
Wellington 13860 Wellington Trace,10/1/2026,AIDP64CC,"","","","","","","","","",38.00,"","","",38.00,"","","",38.00
Wellington 13860 Wellington Trace,10/1/2026,5GK534I3,"","","","","","","","","",38.00,"","","",38.00,"","","",38.00
Boynton Beach 1100 N Congress Ave,10/1/2026,NR6BEMLM,"","","","","","","","","",38.00,"","","",38.00,"","","",38.00
Lake Worth 8777 Hypoluxo Road,10/1/2026,49OX6OD3,"","","","","","","","","",28.00,"","","",28.00,"","","",28.00
Lake Worth 8777 Hypoluxo Road,10/1/2026,I1JW8GRN,"","","","","","","","","",28.00,"","","",28.00,"","","",28.00
Wellington 13860 Wellington Trace,10/1/2026,WAMOCUXM,"","","","","","","","","",38.00,"","","",38.00,"","","",38.00
Lake Worth 8777 Hypoluxo Road,10/1/2026,PTWXU3VT,"","","","","","","","","",28.00,"","","",28.00,"","","",28.00
Lake Worth 8777 Hypoluxo Road,10/1/2026,TEMTLE1N,"","","","","","","","","",38.00,"","","",38.00,"","","",38.00
Lake Worth 8777 Hypoluxo Road,10/1/2026,B3ELRO5X,"","","","","","","","","",56.00,"","","",56.00,"","","",56.00
West Palm Beach 771 Village Blvd,10/1/2026,TSOMQRK4,"","","","","","","","","",28.00,"","","",28.00,"","","",28.00
Wellington 13860 Wellington Trace,10/1/2026,JYF2YO2X,"","","","","","","","","",76.00,"","","",76.00,"","","",76.00
West Palm Beach 771 Village Blvd,10/1/2026,B5TYC4VX,"","","","","","","","","",28.00,"","","",28.00,"","","",28.00
Wellington 13860 Wellington Trace,10/1/2026,P8BU8GN0,"","","","","","","","","",38.00,"","","",38.00,"","","",38.00
Boynton Beach 1100 N Congress Ave,10/1/2026,HXD3HQBH,"","","","","","","","","",56.00,"","","",56.00,"","","",56.00
Lake Worth 8777 Hypoluxo Road,10/1/2026,WLK2X2EI,"","","","","","","","","",28.00,"","","",28.00,"","","",28.00
Wellington 13860 Wellington Trace,10/1/2026,8D1VIVB4,"","","","","","","","","",38.00,"","","",38.00,"","","",38.00
Wellington 13860 Wellington Trace,10/1/2026,3JI72LAI,"","","","","","","","","",38.00,"","","",38.00,"","","",38.00
Lake Worth 8777 Hypoluxo Road,10/1/2026,NLZ7V8FS,"","","","","","","","","",56.00,"","","",56.00,"","","",56.00
West Palm Beach 771 Village Blvd,10/1/2026,T0S9X9GN,"","","","","","","","","",28.00,"","","",28.00,"","","",28.00
Boynton Beach 1100 N Congress Ave,10/1/2026,2P5674GK,"","","","","","","","","",76.00,"","","",76.00,"","","",76.00
Lake Worth 8777 Hypoluxo Road,10/1/2026,M1T93GF5,"","","","","","","","","",28.00,"","","",28.00,"","","",28.00
Boynton Beach 1100 N Congress Ave,10/1/2026,YHRBUN28,"","","","","","","","","",28.00,"","","",28.00,"","","",28.00
Lake Worth 8777 Hypoluxo Road,10/1/2026,IUIVSHLE,"","","","","","","","","",38.00,"","","",38.00,"","","",38.00
Lake Worth 8777 Hypoluxo Road,10/1/2026,BJSVGPMU,"","","","","","","","","",56.00,"","","",56.00,"","","",56.00
Lake Worth 8777 Hypoluxo Road,10/1/2026,78QHYI0Y,"","","","","","","","","",28.00,"","","",28.00,"","","",28.00
Wellington 13860 Wellington Trace,10/1/2026,M44NT2B4,"","","","","","","","","",28.00,"","","",28.00,"","","",28.00
Boynton Beach 1100 N Congress Ave,10/1/2026,RH66HNQ2,"","","","","","","","","",28.00,"","","",28.00,"","","",28.00
West Palm Beach 771 Village Blvd,10/1/2026,X8USHMGJ,"","","","","","","","","",28.00,"","","",28.00,"","","",28.00
Wellington 13860 Wellington Trace,10/1/2026,3J88VL5N,"","","","","","","","","",38.00,"","","",38.00,"","","",38.00
Wellington 13860 Wellington Trace,10/1/2026,1XNRJOEZ,"","","","","","","","","",38.00,"","","",38.00,"","","",38.00
Lake Worth 8777 Hypoluxo Road,10/1/2026,FTWZRLCA,"","","","","","","","","",28.00,"","","",28.00,"","","",28.00
West Palm Beach 771 Village Blvd,10/1/2026,VS8FS3GR,"","","","","","","","","",28.00,"","","",28.00,"","","",28.00
West Palm Beach 771 Village Blvd,10/1/2026,CLMSL9WK,"","","","","","","","","",28.00,"","","",28.00,"","","",28.00
Wellington 13860 Wellington Trace,10/1/2026,LJMC491N,"","","","","","","","","",38.00,"","","",38.00,"","","",38.00
West Palm Beach 771 Village Blvd,10/1/2026,N4KSHDT2,"","","","","","","","","",28.00,"","","",28.00,"","","",28.00
Wellington 13860 Wellington Trace,10/1/2026,LTOHH7QS,"","","","","","","","","",38.00,"","","",38.00,"","","",38.00
Wellington 13860 Wellington Trace,10/1/2026,8HV7CSOZ,"","","","","","","","","",38.00,"","","",38.00,"","","",38.00
Wellington 13860 Wellington Trace,10/1/2026,82HDQEMZ,"","","","","","","","","",38.00,"","","",38.00,"","","",38.00
West Palm Beach 771 Village Blvd,10/1/2026,ZSH4LEEA,"","","","","","","","","",28.00,"","","",28.00,"","","",28.00
Wellington 13860 Wellington Trace,10/1/2026,WRZVD61B,"","","","","","","","","",38.00,"","","",38.00,"","","",38.00
Boynton Beach 1100 N Congress Ave,10/1/2026,ZPM9FPTB,"","","","","","","","","",28.00,"","","",28.00,"","","",28.00
West Palm Beach 771 Village Blvd,10/1/2026,118881BK,"","","","","","","","","",56.00,"","","",56.00,"","","",56.00
Wellington 13860 Wellington Trace,10/1/2026,AADSGE6E,"","","","","","","","","",38.00,"","","",38.00,"","","",38.00
West Palm Beach 771 Village Blvd,10/1/2026,1YRRLHIZ,"","","","","","","","","",56.00,"","","",56.00,"","","",56.00
West Palm Beach 771 Village Blvd,10/1/2026,SM6ALMSI,"","","","","","","","","",28.00,"","","",28.00,"","","",28.00
Lake Worth 8777 Hypoluxo Road,10/1/2026,WQ63IY64,"","","","","","","","","",28.00,"","","",28.00,"","","",28.00
Lake Worth 8777 Hypoluxo Road,10/1/2026,8WMIB4MR,"","","","","","","","","",38.00,"","","",38.00,"","","",38.00
West Palm Beach 771 Village Blvd,10/1/2026,AP08C2AV,"","","","","","","","","",28.00,"","","",28.00,"","","",28.00
Boynton Beach 1100 N Congress Ave,10/1/2026,JMFS67PC,"","","","","","","","","",28.00,"","","",28.00,"","","",28.00
West Palm Beach 771 Village Blvd,10/1/2026,HGBMCNKN,"","","","","","","","","",38.00,"","","",38.00,"","","",38.00
Wellington 13860 Wellington Trace,10/1/2026,IMGRCH8L,"","","","","","","","","",39.00,"","","",39.00,"","","",39.00
Wellington 13860 Wellington Trace,10/1/2026,8UHTX1I6,"","","","","","","","","",76.00,"","","",76.00,"","","",76.00
West Palm Beach 771 Village Blvd,10/1/2026,V1OT9BK1,"","","","","","","","","",28.00,"","","",28.00,"","","",28.00
Lake Worth 8777 Hypoluxo Road,10/1/2026,QNZRA8F9,"","","","","","","","","",49.00,"","","",49.00,"","","",49.00
Wellington 13860 Wellington Trace,10/1/2026,EMRM5TGO,"","","","","","","","","",56.00,"","","",56.00,"","","",56.00
Boynton Beach 1100 N Congress Ave,10/1/2026,4AYXFNFP,"","","","","","","","","",38.00,"","","",38.00,"","","",38.00
Boynton Beach 1100 N Congress Ave,10/1/2026,RE153CRG,"","","","","","","","","",28.00,"","","",28.00,"","","",28.00
Wellington 13860 Wellington Trace,10/1/2026,NGQOHLB4,"","","","","","","","","",28.00,"","","",28.00,"","","",28.00
Wellington 13860 Wellington Trace,10/1/2026,LABJZ8Q9,"","","","","","","","","",38.00,"","","",38.00,"","","",38.00
Wellington 13860 Wellington Trace,10/1/2026,2W5TX3Y7,"","","","","","","","","",28.00,"","","",28.00,"","","",28.00
Boynton Beach 1100 N Congress Ave,10/1/2026,4MK42X6Y,"","","","","","","","","",28.00,"","","",28.00,"","","",28.00
Lake Worth 8777 Hypoluxo Road,10/1/2026,WO01UH52,"","","","","","","","","",38.00,"","","",38.00,"","","",38.00
Lake Worth 8777 Hypoluxo Road,10/1/2026,AF5FLCX9,"","","","","","","","","",38.00,"","","",38.00,"","","",38.00
Wellington 13860 Wellington Trace,10/1/2026,43N1PKDZ,"","","","","","","","","",38.00,"","","",38.00,"","","",38.00
Lake Worth 8777 Hypoluxo Road,10/1/2026,K2O2BFW8,"","","","","","","","","",76.00,"","","",76.00,"","","",76.00
Lake Worth 8777 Hypoluxo Road,10/1/2026,UUC690DF,"","","","","","","","","",28.00,"","","",28.00,"","","",28.00
West Palm Beach 771 Village Blvd,10/1/2026,Y1IYXBZF,"","","","","","","","","",38.00,"","","",38.00,"","","",38.00
Wellington 13860 Wellington Trace,10/1/2026,DN1Q3VKR,"","","","","","","","","",38.00,"","","",38.00,"","","",38.00
West Palm Beach 771 Village Blvd,10/1/2026,OLAO8RC2,"","","","","","","","","",76.00,"","","",76.00,"","","",76.00
Boynton Beach 1100 N Congress Ave,10/1/2026,US6AD3Q4,"","","","","","","","","",38.00,"","","",38.00,"","","",38.00
Boynton Beach 1100 N Congress Ave,10/1/2026,4XSX3K4I,"","","","","","","","","",38.00,"","","",38.00,"","","",38.00
West Palm Beach 771 Village Blvd,10/1/2026,VXWM8ACB,"","","","","","","","","",56.00,"","","",56.00,"","","",56.00
Boynton Beach 1100 N Congress Ave,10/1/2026,2KH3WC9N,"","","","","","","","","",38.00,"","","",38.00,"","","",38.00
Lake Worth 8777 Hypoluxo Road,10/1/2026,9RWT2T6K,"","","","","","","","","",56.00,"","","",56.00,"","","",56.00
Boynton Beach 1100 N Congress Ave,10/1/2026,S002HS7Q,"","","","","","","","","",38.00,"","","",38.00,"","","",38.00
Wellington 13860 Wellington Trace,10/1/2026,R34TLACV,"","","","","","","","","",28.00,"","","",28.00,"","","",28.00
Wellington 13860 Wellington Trace,10/1/2026,DD1SBE62,"","","","","","","","","",38.00,"","","",38.00,"","","",38.00
West Palm Beach 771 Village Blvd,10/1/2026,I1QPT61S,"","","","","","","","","",28.00,"","","",28.00,"","","",28.00
Lake Worth 8777 Hypoluxo Road,10/1/2026,H9NSE310,"","","","","","","","","",56.00,"","","",56.00,"","","",56.00
Lake Worth 8777 Hypoluxo Road,10/1/2026,MDZV1PX5,"","","","","","","","","",38.00,"","","",38.00,"","","",38.00
Wellington 13860 Wellington Trace,10/1/2026,J1L2RSJY,"","","","","","","","","",38.00,"","","",38.00,"","","",38.00
Lake Worth 8777 Hypoluxo Road,10/1/2026,4ED0S1YK,"","","","","","","","","",28.00,"","","",28.00,"","","",28.00
Wellington 13860 Wellington Trace,10/1/2026,FE8SUG0C,"","","","","","","","","",56.00,"","","",56.00,"","","",56.00
Lake Worth 8777 Hypoluxo Road,10/1/2026,SIFDLYE0,"","","","","","","","","",38.00,"","","",38.00,"","","",38.00
West Palm Beach 771 Village Blvd,10/1/2026,VO9G3C94,"","","","","","","","","",28.00,"","","",28.00,"","","",28.00
Lake Worth 8777 Hypoluxo Road,10/1/2026,ELYC21WL,"","","","","","","","","",28.00,"","","",28.00,"","","",28.00
Boynton Beach 1100 N Congress Ave,10/1/2026,NG2M1ETV,"","","","","","","","","",38.00,"","","",38.00,"","","",38.00
Boynton Beach 1100 N Congress Ave,10/1/2026,GELJZDRD,"","","","","","","","","",28.00,"","","",28.00,"","","",28.00
Lake Worth 8777 Hypoluxo Road,10/1/2026,4QQNUFKF,"","","","","","","","","",28.00,"","","",28.00,"","","",28.00
Lake Worth 8777 Hypoluxo Road,10/1/2026,FWN98ERR,"","","","","","","","","",28.00,"","","",28.00,"","","",28.00
Wellington 13860 Wellington Trace,10/1/2026,AG7C7RXW,"","","","","","","","","",28.00,"","","",28.00,"","","",28.00
West Palm Beach 771 Village Blvd,10/1/2026,PHFPH8VB,"","","","","","","","","",28.00,"","","",28.00,"","","",28.00
Boynton Beach 1100 N Congress Ave,10/1/2026,9KC6QKLM,"","","","","","","","","",38.00,"","","",38.00,"","","",38.00
Wellington 13860 Wellington Trace,10/1/2026,HKD2Y40F,"","","","","","","","","",28.00,"","","",28.00,"","","",28.00
West Palm Beach 771 Village Blvd,10/1/2026,XD5LH6QB,"","","","","","","","","",39.00,"","","",39.00,"","","",39.00
West Palm Beach 771 Village Blvd,10/1/2026,PQV2TDS7,"","","","","","","","","",28.00,"","","",28.00,"","","",28.00
Wellington 13860 Wellington Trace,10/1/2026,XZONMKCX,"","","","","","","","","",28.00,"","","",28.00,"","","",28.00
Boynton Beach 1100 N Congress Ave,10/1/2026,YCIMFIYN,"","","","","","","","","",38.00,"","","",38.00,"","","",38.00
Wellington 13860 Wellington Trace,10/1/2026,PCRBJVUA,"","","","","","","","","",28.00,"","","",28.00,"","","",28.00
Wellington 13860 Wellington Trace,10/1/2026,B82A7E2S,"","","","","","","","","",49.00,"","","",49.00,"","","",49.00
Boynton Beach 1100 N Congress Ave,10/1/2026,FGF911AU,"","","","","","","","","",28.00,"","","",28.00,"","","",28.00
Lake Worth 8777 Hypoluxo Road,10/1/2026,GNL5ZIWH,"","","","","","","","","",98.00,"","","",98.00,"","","",98.00
Lake Worth 8777 Hypoluxo Road,10/1/2026,V77VWJUD,"","","","","","","","","",49.00,"","","",49.00,"","","",49.00
Wellington 13860 Wellington Trace,10/1/2026,SIZBIDVD,"","","","","","","","","",56.00,"","","",56.00,"","","",56.00
Wellington 13860 Wellington Trace,10/1/2026,FRQ6O6AF,"","","","","","","","","",56.00,"","","",56.00,"","","",56.00
Boynton Beach 1100 N Congress Ave,10/1/2026,20ZLJVW3,"","","","","","","","","",56.00,"","","",56.00,"","","",56.00
Lake Worth 8777 Hypoluxo Road,10/1/2026,LF94TPUU,"","","","","","","","","",38.00,"","","",38.00,"","","",38.00
Boynton Beach 1100 N Congress Ave,10/1/2026,3V4FO3RR,"","","","","","","","","",76.00,"","","",76.00,"","","",76.00
Wellington 13860 Wellington Trace,10/1/2026,FTTZS307,"","","","","","","","","",49.00,"","","",49.00,"","","",49.00
Lake Worth 8777 Hypoluxo Road,10/1/2026,BC0A3YDC,"","","","","","","","","",38.00,"","","",38.00,"","","",38.00
West Palm Beach 771 Village Blvd,10/1/2026,ESENQPOX,"","","","","","","","","",49.00,"","","",49.00,"","","",49.00
West Palm Beach 771 Village Blvd,10/1/2026,BGSK46Y6,XIBFBCC5LO,54.00,"","","","","","","","","","","",54.00,-54.00,"","",""
Boynton Beach 1100 N Congress Ave,10/1/2026,6L9YFD1K,"","","","","","","","","",38.00,"","","",38.00,"","","",38.00
Boynton Beach 1100 N Congress Ave,10/1/2026,7GQRJ106,"","","","","","","","","",49.00,"","","",49.00,"","","",49.00
Boynton Beach 1100 N Congress Ave,10/1/2026,VXNUGAVD,"","","","","","","","","",28.00,"","","",28.00,"","","",28.00
Wellington 13860 Wellington Trace,10/1/2026,HVUV0M9M,"","","","","","","","","",56.00,"","","",56.00,"","","",56.00
Wellington 13860 Wellington Trace,10/1/2026,EKKLV6TJ,"","","","","","","","","",39.00,"","","",39.00,"","","",39.00
West Palm Beach 771 Village Blvd,10/1/2026,I196I6Y6,"","","","","","","","","",38.00,"","","",38.00,"","","",38.00
Lake Worth 8777 Hypoluxo Road,10/1/2026,PXLEB76Z,"","","","","","","","","",39.00,"","","",39.00,"","","",39.00
Boynton Beach 1100 N Congress Ave,10/1/2026,DWUZ0RHN,"","","","","","","","","",38.00,"","","",38.00,"","","",38.00
Wellington 13860 Wellington Trace,10/1/2026,VH7R54YN,"","","","","","","","","",49.00,"","","",49.00,"","","",49.00
Boynton Beach 1100 N Congress Ave,10/1/2026,J2X9R9NF,"","","","","","","","","",28.00,"","","",28.00,"","","",28.00
West Palm Beach 771 Village Blvd,10/1/2026,R0NLF23Z,"","","","","","","","","",39.00,"","","",39.00,"","","",39.00
Boynton Beach 1100 N Congress Ave,10/1/2026,AVTUPWZQ,"","","","","","","","","",39.00,"","","",39.00,"","","",39.00
Lake Worth 8777 Hypoluxo Road,10/1/2026,8EOKKW6Q,"","","","","","","","","",38.00,"","","",38.00,"","","",38.00
West Palm Beach 771 Village Blvd,10/1/2026,F7DHQHB5,"","","","","","","","","",39.00,"","","",39.00,"","","",39.00
Boynton Beach 1100 N Congress Ave,10/1/2026,1HWH15Z9,"","","","","","","","","",56.00,"","","",56.00,"","","",56.00
West Palm Beach 771 Village Blvd,10/1/2026,Y3ZCLVL1,"","","","","","","","","",39.00,"","","",39.00,"","","",39.00
Lake Worth 8777 Hypoluxo Road,10/1/2026,ALCLAAQT,"","","","","","","","","",38.00,"","","",38.00,"","","",38.00
Boynton Beach 1100 N Congress Ave,10/1/2026,P0BT0GV5,"","","","","","","","","",28.00,"","","",28.00,"","","",28.00
Wellington 13860 Wellington Trace,10/1/2026,JZ6DMSOO,"","","","","","","","","",56.00,"","","",56.00,"","","",56.00
Boynton Beach 1100 N Congress Ave,10/1/2026,2NUDZPTW,"","","","","","","","","",28.00,"","","",28.00,"","","",28.00
Wellington 13860 Wellington Trace,10/1/2026,H67M7JF1,"","","","","","","","","",28.00,"","","",28.00,"","","",28.00
Wellington 13860 Wellington Trace,10/1/2026,UGC3IC65,"","","","","","","","","",76.00,"","","",76.00,"","","",76.00
Wellington 13860 Wellington Trace,10/1/2026,T33QLK4R,"","","","","","","","","",28.00,"","","",28.00,"","","",28.00
Boynton Beach 1100 N Congress Ave,10/1/2026,1HXYO4KK,"","","","","","","","","",49.00,"","","",49.00,"","","",49.00
West Palm Beach 771 Village Blvd,10/1/2026,LN19DNIJ,"","","","","","","","","",39.00,"","","",39.00,"","","",39.00
Boynton Beach 1100 N Congress Ave,10/1/2026,CCGYB493,"","","","","","","","","",49.00,"","","",49.00,"","","",49.00
West Palm Beach 771 Village Blvd,10/1/2026,XT5I109M,"","","","","","","","","",28.00,"","","",28.00,"","","",28.00
West Palm Beach 771 Village Blvd,10/1/2026,IH6KICOJ,"","","","","","","","","",39.00,"","","",39.00,"","","",39.00
Wellington 13860 Wellington Trace,10/1/2026,8ZESO1RD,"","","","","","","","","",49.00,"","","",49.00,"","","",49.00
Boynton Beach 1100 N Congress Ave,10/1/2026,HEUO0U1Z,"","","","","","","","","",28.00,"","","",28.00,"","","",28.00
Boynton Beach 1100 N Congress Ave,10/1/2026,OR9MORC3,"","","","","","","","","",28.00,"","","",28.00,"","","",28.00
Wellington 13860 Wellington Trace,10/1/2026,YLTOB5AM,"","","","","","","","","",38.00,"","","",38.00,"","","",38.00
Wellington 13860 Wellington Trace,10/1/2026,5EUGU7WL,"","","","","","","","","",49.00,"","","",49.00,"","","",49.00
Wellington 13860 Wellington Trace,10/1/2026,Y2NHJS6Y,"","","","","","","","","",49.00,"","","",49.00,"","","",49.00
Boynton Beach 1100 N Congress Ave,10/1/2026,18Y6J8SU,"","","","","","","","","",39.00,"","","",39.00,"","","",39.00
Cooper City 10028 Griffin Rd,10/1/2026,WJNZID4M,"","","","","","","","","",28.00,"","","",28.00,"","","",28.00
Boynton Beach 1100 N Congress Ave,10/1/2026,Z49ZM3V0,"","","","","","","","","",39.00,"","","",39.00,"","","",39.00
Boynton Beach 1100 N Congress Ave,10/1/2026,1DVAED3Q,"","","","","","","","","",78.00,"","","",78.00,"","","",78.00
Boynton Beach 1100 N Congress Ave,10/1/2026,QOJNSCZ1,"","","","","","","","","",39.00,"","","",39.00,"","","",39.00
Wellington 13860 Wellington Trace,10/1/2026,HMZTZ9BB,"","","","","","","","","",39.00,"","","",39.00,"","","",39.00
Lake Worth 8777 Hypoluxo Road,10/1/2026,T6S80KYO,"","","","","","","","","",49.00,"","","",49.00,"","","",49.00
Wellington 13860 Wellington Trace,10/1/2026,FFMHLG8S,"","","","","","","","","",49.00,"","","",49.00,"","","",49.00
Cooper City 10028 Griffin Rd,10/1/2026,PJ3M53YI,"","","","","","","","","",38.00,"","","",38.00,"","","",38.00
Boynton Beach 1100 N Congress Ave,10/1/2026,86MGRGXV,"","","","","","","","","",39.00,"","","",39.00,"","","",39.00
West Palm Beach 771 Village Blvd,10/1/2026,13A6NRXZ,"","","","","","","","","",39.00,"","","",39.00,"","","",39.00
Lake Worth 8777 Hypoluxo Road,10/1/2026,WCAYXK4P,"","","","","","","","","",39.00,"","","",39.00,"","","",39.00
Wellington 13860 Wellington Trace,10/1/2026,QD00LRSP,"","","","","","","","","",39.00,"","","",39.00,"","","",39.00
West Palm Beach 771 Village Blvd,10/1/2026,UIHDACED,"","","","","","","","","",49.00,"","","",49.00,"","","",49.00
Wellington 13860 Wellington Trace,10/1/2026,CAZ1ZWKP,"","","","","","","","","",98.00,"","","",98.00,"","","",98.00
Lake Worth 8777 Hypoluxo Road,10/1/2026,12M6A1CC,"","","","","","","","","",39.00,"","","",39.00,"","","",39.00
West Palm Beach 771 Village Blvd,10/1/2026,EJBRL594,"","","","","","","","","",39.00,"","","",39.00,"","","",39.00
Cooper City 10028 Griffin Rd,10/1/2026,HGE4A61F,"","","","","","","","","",56.00,"","","",56.00,"","","",56.00
Boynton Beach 1100 N Congress Ave,10/1/2026,PZFKO1OT,"","","","","","","","","",39.00,"","","",39.00,"","","",39.00
Boynton Beach 1100 N Congress Ave,10/1/2026,K8MB1BK5,"","","","","","","","","",49.00,"","","",49.00,"","","",49.00
Lake Worth 8777 Hypoluxo Road,10/1/2026,4B2N5FJ2,"","","","","","","","","",49.00,"","","",49.00,"","","",49.00
West Palm Beach 771 Village Blvd,10/1/2026,238GYY2B,"","","","","","","","","",39.00,"","","",39.00,"","","",39.00
Wellington 13860 Wellington Trace,10/1/2026,R8HSVC9J,"","","","","","","","","",49.00,"","","",49.00,"","","",49.00
Wellington 13860 Wellington Trace,10/1/2026,N8RP4M54,"","","","","","","","","",49.00,"","","",49.00,"","","",49.00
Cooper City 10028 Griffin Rd,10/1/2026,FN01NMBP,"","","","","","","","","",76.00,"","","",76.00,"","","",76.00
West Palm Beach 771 Village Blvd,10/1/2026,YD9AQPOJ,"","","","","","","","","",39.00,"","","",39.00,"","","",39.00
Wellington 13860 Wellington Trace,10/1/2026,9JNWF9HA,"","","","","","","","","",39.00,"","","",39.00,"","","",39.00
Wellington 13860 Wellington Trace,10/1/2026,0IGJUFAQ,"","","","","","","","","",98.00,"","","",98.00,"","","",98.00
Boynton Beach 1100 N Congress Ave,10/1/2026,A7B9IJ31,"","","","","","","","","",39.00,"","","",39.00,"","","",39.00
Lake Worth 8777 Hypoluxo Road,10/1/2026,0NE16BIK,"","","","","","","","","",39.00,"","","",39.00,"","","",39.00
Wellington 13860 Wellington Trace,10/1/2026,WYY9AYEX,"","","","","","","","","",69.00,"","","",69.00,"","","",69.00
Wellington 13860 Wellington Trace,10/1/2026,9P4M56E7,"","","","","","","","","",69.00,"","","",69.00,"","","",69.00
Cooper City 10028 Griffin Rd,10/1/2026,8MFCYVJG,"","","","","","","","","",56.00,"","","",56.00,"","","",56.00
West Palm Beach 771 Village Blvd,10/1/2026,STSIV2TX,"","","","","","","","","",39.00,"","","",39.00,"","","",39.00
Wellington 13860 Wellington Trace,10/1/2026,QETL1JMC,"","","","","","","","","",39.00,"","","",39.00,"","","",39.00
Lake Worth 8777 Hypoluxo Road,10/1/2026,P2TWHKV7,"","","","","","","","","",49.00,"","","",49.00,"","","",49.00
Wellington 13860 Wellington Trace,10/1/2026,TGEJHR7F,"","","","","","","","","",39.00,"","","",39.00,"","","",39.00
Wellington 13860 Wellington Trace,10/1/2026,GMD5XINH,"","","","","","","","","",39.00,"","","",39.00,"","","",39.00
Cooper City 10028 Griffin Rd,10/1/2026,DPC4IHHS,"","","","","","","","","",28.00,"","","",28.00,"","","",28.00
Boynton Beach 1100 N Congress Ave,10/1/2026,09407QIZ,"","","","","","","","","",39.00,"","","",39.00,"","","",39.00
Wellington 13860 Wellington Trace,10/1/2026,X1EPVJEI,"","","","","","","","","",39.00,"","","",39.00,"","","",39.00
Wellington 13860 Wellington Trace,10/1/2026,EI80BVZX,"","","","","","","","","",49.00,"","","",49.00,"","","",49.00
West Palm Beach 771 Village Blvd,10/1/2026,02W1S5FQ,"","","","","","","","","",39.00,"","","",39.00,"","","",39.00
Wellington 13860 Wellington Trace,10/1/2026,4J81EMDJ,"","","","","","","","","",28.00,"","","",28.00,"","","",28.00
West Palm Beach 771 Village Blvd,10/1/2026,32G4D7XS,"","","","","","","","","",39.00,"","","",39.00,"","","",39.00
Boynton Beach 1100 N Congress Ave,10/1/2026,UD10ZNVR,"","","","","","","","","",49.00,"","","",49.00,"","","",49.00
Lake Worth 8777 Hypoluxo Road,10/1/2026,56MBF6NJ,"","","","","","","","","",49.00,"","","",49.00,"","","",49.00
Wellington 13860 Wellington Trace,10/1/2026,Y3XBK4D3,"","","","","","","","","",39.00,"","","",39.00,"","","",39.00
Cooper City 10028 Griffin Rd,10/1/2026,Y8X2RCC8,"","","","","","","","","",38.00,"","","",38.00,"","","",38.00
Lake Worth 8777 Hypoluxo Road,10/1/2026,2CKTFYCO,"","","","","","","","","",49.00,"","","",49.00,"","","",49.00
Wellington 13860 Wellington Trace,10/1/2026,Y0EXXTPW,"","","","","","","","","",49.00,"","","",49.00,"","","",49.00
Wellington 13860 Wellington Trace,10/1/2026,87WLRXOC,"","","","","","","","","",35.00,"","","",35.00,"","","",35.00
Lake Worth 8777 Hypoluxo Road,10/1/2026,BTVCAZCQ,"","","","","","","","","",39.00,"","","",39.00,"","","",39.00
Wellington 13860 Wellington Trace,10/1/2026,DBKBTGO0,"","","","","","","","","",49.00,"","","",49.00,"","","",49.00
Cooper City 10028 Griffin Rd,10/1/2026,GXFVFOVM,"","","","","","","","","",38.00,"","","",38.00,"","","",38.00
Cooper City 10028 Griffin Rd,10/1/2026,Q9OTZMY2,"","","","","","","","","",112.00,"","","",112.00,"","","",112.00
Wellington 13860 Wellington Trace,10/1/2026,VJQKLTJX,"","","","","","","","","",39.00,"","","",39.00,"","","",39.00
Boynton Beach 1100 N Congress Ave,10/1/2026,7K4Z2HDX,"","","","","","","","","",39.00,"","","",39.00,"","","",39.00
Lake Worth 8777 Hypoluxo Road,10/1/2026,K9RNEZSW,"","","","","","","","","",39.00,"","","",39.00,"","","",39.00
West Palm Beach 771 Village Blvd,10/1/2026,J5FVHP5C,"","","","","","","","","",39.00,"","","",39.00,"","","",39.00
Boynton Beach 1100 N Congress Ave,10/1/2026,O3VHOIC7,"","","","","","","","","",39.00,"","","",39.00,"","","",39.00
West Palm Beach 771 Village Blvd,10/1/2026,OEIQD9TJ,"","","","","","","","","",49.00,"","","",49.00,"","","",49.00
Wellington 13860 Wellington Trace,10/1/2026,RHDFP4Q3,"","","","","","","","","",39.00,"","","",39.00,"","","",39.00
Wellington 13860 Wellington Trace,10/1/2026,T18SW660,"","","","","","","","","",69.00,"","","",69.00,"","","",69.00
Lake Worth 8777 Hypoluxo Road,10/1/2026,HFAR3J6L,"","","","","","","","","",39.00,"","","",39.00,"","","",39.00
Lake Worth 8777 Hypoluxo Road,10/1/2026,STYI24H0,"","","","","","","","","",49.00,"","","",49.00,"","","",49.00
West Palm Beach 771 Village Blvd,10/1/2026,3I3OOFPU,"","","","","","","","","",39.00,"","","",39.00,"","","",39.00
Lake Worth 8777 Hypoluxo Road,10/1/2026,RDKCMN82,"","","","","","","","","",39.00,"","","",39.00,"","","",39.00
West Palm Beach 771 Village Blvd,10/1/2026,TNQXSZMI,"","","","","","","","","",49.00,"","","",49.00,"","","",49.00
Lake Worth 8777 Hypoluxo Road,10/1/2026,LTTQV75A,"","","","","","","","","",39.00,"","","",39.00,"","","",39.00
Cooper City 10028 Griffin Rd,10/1/2026,LJ7E9AQG,"","","","","","","","","",56.00,"","","",56.00,"","","",56.00
Boynton Beach 1100 N Congress Ave,10/1/2026,RIZRULE2,"","","","","","","","","",78.00,"","","",78.00,"","","",78.00
Lake Worth 8777 Hypoluxo Road,10/1/2026,6QTF34VW,"","","","","","","","","",39.00,"","","",39.00,"","","",39.00
Boynton Beach 1100 N Congress Ave,10/1/2026,F7HF1XP1,"","","","","","","","","",39.00,"","","",39.00,"","","",39.00
Lake Worth 8777 Hypoluxo Road,10/1/2026,TSRN6PNW,"","","","","","","","","",39.00,"","","",39.00,"","","",39.00
Cooper City 10028 Griffin Rd,10/1/2026,0ENRVI7T,"","","","","","","","","",28.00,"","","",28.00,"","","",28.00
Wellington 13860 Wellington Trace,10/1/2026,RH47KMRR,"","","","","","","","","",39.00,"","","",39.00,"","","",39.00
Lake Worth 8777 Hypoluxo Road,10/1/2026,7Q9ZB9R5,"","","","","","","","","",49.00,"","","",49.00,"","","",49.00
Cooper City 10028 Griffin Rd,10/1/2026,EIM31IVI,"","","","","","","","","",96.00,"","","",96.00,"","","",96.00
Lake Worth 8777 Hypoluxo Road,10/1/2026,VNS2WJSC,"","","","","","","","","",39.00,"","","",39.00,"","","",39.00
Cooper City 10028 Griffin Rd,10/1/2026,9OZ1XXIU,"","","","","","","","","",38.00,"","","",38.00,"","","",38.00
Wellington 13860 Wellington Trace,10/1/2026,QQPSE8WL,"","","","","","","","","",39.00,"","","",39.00,"","","",39.00
West Palm Beach 771 Village Blvd,10/1/2026,WPZX0NOC,"","","","","","","","","",39.00,"","","",39.00,"","","",39.00
Wellington 13860 Wellington Trace,10/1/2026,3YG012K0,"","","","","","","","","",49.00,"","","",49.00,"","","",49.00
Cooper City 10028 Griffin Rd,10/1/2026,CGBGRDAY,"","","","","","","","","",28.00,"","","",28.00,"","","",28.00
Wellington 13860 Wellington Trace,10/1/2026,77CSH738,"","","","","","","","","",49.00,"","","",49.00,"","","",49.00
Boynton Beach 1100 N Congress Ave,10/1/2026,9EUU5MSK,"","","","","","","","","",39.00,"","","",39.00,"","","",39.00
Boynton Beach 1100 N Congress Ave,10/1/2026,3CTJQEY2,"","","","","","","","","",39.00,"","","",39.00,"","","",39.00
Lake Worth 8777 Hypoluxo Road,10/1/2026,SXVA5KYF,"","","","","","","","","",39.00,"","","",39.00,"","","",39.00
Cooper City 10028 Griffin Rd,10/1/2026,C4F1KQG5,"","","","","","","","","",28.00,"","","",28.00,"","","",28.00
Wellington 13860 Wellington Trace,10/1/2026,32BPYEZ3,"","","","","","","","","",78.00,"","","",78.00,"","","",78.00
Wellington 13860 Wellington Trace,10/1/2026,M24NVI3E,"","","","","","","","","",39.00,"","","",39.00,"","","",39.00
West Palm Beach 771 Village Blvd,10/1/2026,QHK2S9PH,"","","","","","","","","",39.00,"","","",39.00,"","","",39.00
Boynton Beach 1100 N Congress Ave,10/1/2026,H57B06U1,"","","","","","","","","",39.00,"","","",39.00,"","","",39.00
West Palm Beach 771 Village Blvd,10/1/2026,4B9UIV8M,"","","","","","","","","",39.00,"","","",39.00,"","","",39.00
Cooper City 10028 Griffin Rd,10/1/2026,AJGP4FM8,"","","","","","","","","",152.00,"","","",152.00,"","","",152.00
Cooper City 10028 Griffin Rd,10/1/2026,ACIE87CV,"","","","","","","","","",38.00,"","","",38.00,"","","",38.00
Lake Worth 8777 Hypoluxo Road,10/1/2026,J62V6O4K,"","","","","","","","","",49.00,"","","",49.00,"","","",49.00
Lake Worth 8777 Hypoluxo Road,10/1/2026,QEY0ZNIB,"PDU9WVBGC9,9C04IPJIKQ",160.00,-13.00,"","","","","","",168.00,"","","",328.00,-108.00,-13.00,"",207.00
Cooper City 10028 Griffin Rd,10/1/2026,KX3P3UPF,"","","","","","","","","",38.00,"","","",38.00,"","","",38.00
Wellington 13860 Wellington Trace,10/1/2026,ADYAVLL1,"9IBFD76BI4,SP1P8YQCNF",214.00,-26.50,"","","","","","","","","","",214.00,-108.00,-26.50,"",79.50
West Palm Beach 771 Village Blvd,10/1/2026,PBWDA70F,8QTCT3YLUY,54.00,"","","","","","","","","","","",54.00,-54.00,"","",""
Wellington 13860 Wellington Trace,10/1/2026,3375RS9X,JHTAIP0TE5,146.00,-23.00,"","","","","","","","","","",146.00,-54.00,-23.00,"",69.00
West Palm Beach 771 Village Blvd,10/1/2026,12NNB9YJ,CU9QQRA4GJ,63.00,-2.25,"","","","","","","","","","",63.00,-54.00,-2.25,"",6.75
West Palm Beach 771 Village Blvd,10/1/2026,TJ3H5ADU,VHQSW6VNZU,196.00,-35.50,"","","","","","","","","","",196.00,-54.00,-35.50,"",106.50
Cooper City 10028 Griffin Rd,10/1/2026,JMVS1MSD,"","","","","","","","","",38.00,-38.00,"","",38.00,"",-38.00,"",""
Wellington 13860 Wellington Trace,10/1/2026,7JNZ1H8W,"M94UD770OW,CCTWFZLUL1",220.00,-28.00,"","","","","","","","","","",220.00,-108.00,-28.00,"",84.00
Lake Worth 8777 Hypoluxo Road,10/1/2026,14ILKPQU,OZY12Z7VH2,80.00,"","","","","","","","","","","",80.00,"","","",80.00
Wellington 13860 Wellington Trace,10/1/2026,RCTUZ6EH,0VV9J8K9US,54.00,"","","","","","","","","","","",54.00,-54.00,"","",""
Wellington 13860 Wellington Trace,10/1/2026,ZP0FFFX5,CHVLOXBMW1,27.00,"","","","","","","","","","","",27.00,"","","",27.00
West Palm Beach 771 Village Blvd,10/1/2026,7XWPDXG0,P6LMX93MXP,54.00,"","","","","","","","","","","",54.00,-54.00,"","",""
West Palm Beach 771 Village Blvd,10/1/2026,TZ3556IY,"","","","","","","","","",39.00,"","","",39.00,"","","",39.00
Boynton Beach 1100 N Congress Ave,10/1/2026,SXA1GHVX,Y7SV3ODIFW,127.00,"","","","","","","","","","","",127.00,"","","",127.00
Boynton Beach 1100 N Congress Ave,10/1/2026,A80Y8F9R,S8MFE0LNLY,"","","","","","","","","","","","","","","","",""
West Palm Beach 771 Village Blvd,10/1/2026,P50F81BU,HPWP7GD42U,63.00,-2.25,"","","","","","","","","","",63.00,-54.00,-2.25,"",6.75
Lake Worth 8777 Hypoluxo Road,10/1/2026,OOYOJZ2R,"","","","","","","","","",28.00,"","","",28.00,"","","",28.00
Cooper City 10028 Griffin Rd,10/1/2026,E8WF56QC,"","","","","","","","","",28.00,-28.00,"","",28.00,"",-28.00,"",""
Lake Worth 8777 Hypoluxo Road,10/1/2026,EDPMZ8TK,P5HGEYJKO2,"","","","","","","","","","","","","","","","",""
Cooper City 10028 Griffin Rd,10/1/2026,QBTDCTF3,"","","","","","","","","",38.00,-38.00,"","",38.00,"",-38.00,"",""
Wellington 13860 Wellington Trace,10/1/2026,X18X25XN,U4NHZ322LD,54.00,"","","","","","","","","","","",54.00,-54.00,"","",""
West Palm Beach 771 Village Blvd,10/1/2026,A5Q34FZI,QR6T9X6YZ8,"","","","","","","","","","","","","","","","",""
Wellington 13860 Wellington Trace,10/1/2026,LIA3IWGI,3N9NY87L7D,"","","","","","","","","","","","","","","","",""
